product_name,review_rating,review_count,skin_type,review_text,url
[9월 올영픽][대용량] 파티온 노스카나인 트러블 크림 75ml 기획(+5ml),,53,없음,리뷰 수집 실패: review_tab_not_found,https://www.oliveyoung.co.kr/store/goods/getGoodsDetail.do?goodsNo=A000000265234&dispCatNo=100000100010015&trackingCd=Cat100000100010015_Small&t_page=카테고리관&t_click=크림_전체__상품상세&t_number=10
[26년신형/올인원 케어] 달바 화이트 트러플 더블 세럼 앤 크림 70g,,,없음,리뷰 수집 실패: review_component_or_items_not_loaded,https://www.oliveyoung.co.kr/store/goods/getGoodsDetail.do?goodsNo=A000000268116&dispCatNo=100000100010015&trackingCd=Cat100000100010015_Small&t_page=카테고리관&t_click=크림_전체__상품상세&t_number=1
[여배우 물광크림] 메디큐브 PDRN 핑크 콜라겐 캡슐크림 55g 기획 (+4.5g*2ea+앰플 마스크 1ea),2,"1,899",복합성,아침에 쓰지마셈 흡수 겁나 안돼고 끈적임 그리고 이거 바르고 자면 여드름 올라옴 진짜 개빡!빡!빡!!!!!!침 나 외국에선 겁나 유명하고 많이 쓰던데 왜쓰는지 이해안감 ㅇㅇ 나 너무 짜증나서 머리털다빠질거같은니까여기서마칠거임ㅈㅅ,https://www.oliveyoung.co.kr/store/goods/getGoodsDetail.do?goodsNo=A000000265815&dispCatNo=100000100010015&trackingCd=Cat100000100010015_Small&t_page=카테고리관&t_click=크림_전체__상품상세&t_number=4
[여배우 물광크림] 메디큐브 PDRN 핑크 콜라겐 캡슐크림 55g 기획 (+4.5g*2ea+앰플 마스크 1ea),5,"1,899",없음,"55g 본품에 4.5g 미니 2개까지 함께 들어 있어 구성도 알차고 여행이나 외출할 때 미니 사이즈를 챙기기 좋아요. 크림 안에 캡슐이 들어 있는 제형이라 사용하는 재미도 있고, 피부에 부드럽게 펴 발리면서 촉촉하게 마무리되는 느낌이 좋았어요. 바른 후 피부가 건조하지 않고 매끈하게 정돈되는 느낌이라 데일리 보습 크림으로 사용하기 괜찮았어요. 특히 피부가 푸석하게 느껴지는 날 사용하면 촉촉함을 채워주는 느낌이라 만족스러웠어요. 꾸준히 보습과 탄력 케어를 하고 싶은 분들에게 추천하고 싶은 제품이에요.",https://www.oliveyoung.co.kr/store/goods/getGoodsDetail.do?goodsNo=A000000265815&dispCatNo=100000100010015&trackingCd=Cat100000100010015_Small&t_page=카테고리관&t_click=크림_전체__상품상세&t_number=4
[여배우 물광크림] 메디큐브 PDRN 핑크 콜라겐 캡슐크림 55g 기획 (+4.5g*2ea+앰플 마스크 1ea),5,"1,899",복합성,단지형이고 캡슐이랑 젤크림이 따로라 퍼서 쓰는게 귀찮지만 그걸 감수할만큼 제품력은 좋았음 속건조 잡아주는데 좋았고 아침에써도 화장이 안밀려서 좋았음!,https://www.oliveyoung.co.kr/store/goods/getGoodsDetail.do?goodsNo=A000000265815&dispCatNo=100000100010015&trackingCd=Cat100000100010015_Small&t_page=카테고리관&t_click=크림_전체__상품상세&t_number=4
[여배우 물광크림] 메디큐브 PDRN 핑크 콜라겐 캡슐크림 55g 기획 (+4.5g*2ea+앰플 마스크 1ea),5,"1,899",없음,"건성 피부인데 자극 없이 순하게 사용할 수 있어서 좋았어요 밤에 바르고 자면 다음날 아침까지 촉촉함이 남아 있는 편이고, 아침에 세안할 때도 피부가 평소보다 부드럽고 매끈하게 느껴져서 보습감이 꽤 오래가는 느낌이었어요 제형도 부담스럽게 따갑거나 자극적이지 않아서 데일리 보습크림으로 사용하기 좋았고, 건조할 때 듬뿍 발라도 좋아요 +메디큐브 물방울 디바이스랑 같아 사용해도 좋어요",https://www.oliveyoung.co.kr/store/goods/getGoodsDetail.do?goodsNo=A000000265815&dispCatNo=100000100010015&trackingCd=Cat100000100010015_Small&t_page=카테고리관&t_click=크림_전체__상품상세&t_number=4
[여배우 물광크림] 메디큐브 PDRN 핑크 콜라겐 캡슐크림 55g 기획 (+4.5g*2ea+앰플 마스크 1ea),5,"1,899",없음,이제는 나이가 있으니 이런 관리용 크림이 눈에 들어오네요 기기랑 잘 써봐야겠어요,https://www.oliveyoung.co.kr/store/goods/getGoodsDetail.do?goodsNo=A000000265815&dispCatNo=100000100010015&trackingCd=Cat100000100010015_Small&t_page=카테고리관&t_click=크림_전체__상품상세&t_number=4
[여배우 물광크림] 메디큐브 PDRN 핑크 콜라겐 캡슐크림 55g 기획 (+4.5g*2ea+앰플 마스크 1ea),3,"1,899",없음,여배우 크림이라고는 하지만 매우 친환경적인 포장! 선물하기에는 비루해요.. Made in Korea인데 국산 다른 크림들이랑 차별화된 점은 없는 듯,https://www.oliveyoung.co.kr/store/goods/getGoodsDetail.do?goodsNo=A000000265815&dispCatNo=100000100010015&trackingCd=Cat100000100010015_Small&t_page=카테고리관&t_click=크림_전체__상품상세&t_number=4
[여배우 물광크림] 메디큐브 PDRN 핑크 콜라겐 캡슐크림 55g 기획 (+4.5g*2ea+앰플 마스크 1ea),5,"1,899",없음,"메디큐브 제품을 평소 관심 있게 보고 있어서 이번에 같이 주문해봤어요. 크림 안에 캡슐이 들어 있는 형태라 사용하는 재미도 있고, 손으로 덜어 피부에 펴 바르기 편했습니다. 처음에는 캡슐이 들어 있어서 제형이 조금 독특할 것 같았는데 직접 사용해보니 생각보다 자연스럽게 섞여서 바르기 괜찮았어요. 너무 무겁게 느껴지는 크림은 부담스러운데 적당히 촉촉하게 마무리되는 느낌이라 저녁 스킨케어 마지막 단계에 사용하기 좋았습니다. 같이 들어 있는 마스크도 한 번 사용해볼 수 있어서 구성 자체가 마음에 들었어요. 용량도 매일 조금씩 사용하기에 적당한 편이고, 디자인도 깔끔해서 화장대에 올려두기 좋네요. 아직 꾸준히 사용해봐야겠지만 전체적으로 첫인상은 만족스러웠고, 사용감이 괜찮아서 당분간 계속 사용해보려고 합니다.",https://www.oliveyoung.co.kr/store/goods/getGoodsDetail.do?goodsNo=A000000265815&dispCatNo=100000100010015&trackingCd=Cat100000100010015_Small&t_page=카테고리관&t_click=크림_전체__상품상세&t_number=4
[여배우 물광크림] 메디큐브 PDRN 핑크 콜라겐 캡슐크림 55g 기획 (+4.5g*2ea+앰플 마스크 1ea),4,"1,899",없음,흡수가 좋고 수분감이 뛰어나요 완전 건성들을 위한 템 미백을 그닥..? ㅎ 인거 같고 아주 살짝 0.00001% 미백 효과 잇는거 같은데 보습을 너무 잘해줬어요 완전 꾸덕하고 저녁에 스킨케어용으로 쓰는게 조아용,https://www.oliveyoung.co.kr/store/goods/getGoodsDetail.do?goodsNo=A000000265815&dispCatNo=100000100010015&trackingCd=Cat100000100010015_Small&t_page=카테고리관&t_click=크림_전체__상품상세&t_number=4
[여배우 물광크림] 메디큐브 PDRN 핑크 콜라겐 캡슐크림 55g 기획 (+4.5g*2ea+앰플 마스크 1ea),4,"1,899",지성,바르면 무겁게 수분을 채워주는 느낌이라서 좋지만 여름보다는 가을이나 겨울에 쓰면 좋을 것 같아요!,https://www.oliveyoung.co.kr/store/goods/getGoodsDetail.do?goodsNo=A000000265815&dispCatNo=100000100010015&trackingCd=Cat100000100010015_Small&t_page=카테고리관&t_click=크림_전체__상품상세&t_number=4
[여배우 물광크림] 메디큐브 PDRN 핑크 콜라겐 캡슐크림 55g 기획 (+4.5g*2ea+앰플 마스크 1ea),5,"1,899",없음,뷰티 디자이스로 세럼 써주고맀는데 이것도 sns에서 유명하더라구오 그래서 구입했습니다 디바이스로 해주면 전체적으로 처진살들이 태워져 얼굴이 리프팅되며 얼굴이 작아보여요,https://www.oliveyoung.co.kr/store/goods/getGoodsDetail.do?goodsNo=A000000265815&dispCatNo=100000100010015&trackingCd=Cat100000100010015_Small&t_page=카테고리관&t_click=크림_전체__상품상세&t_number=4
[단독기획] 동아제약 색소침착 프로 크림제 40ml 기획(+5ml*2),5,"7,987",없음,여름에 잡티가 걱정돼서 자기 전에 듬뿍 바르고 잤어요. 많이 발라도 트러블 안 올라오고 순해서 손이 자주 가요. 인공적인 향이 없어서 자기 전에 바르기 좋습니다.,https://www.oliveyoung.co.kr/store/goods/getGoodsDetail.do?goodsNo=A000000265326&dispCatNo=100000100010015&trackingCd=Cat100000100010015_Small&t_page=카테고리관&t_click=크림_전체__상품상세&t_number=5
[단독기획] 동아제약 색소침착 프로 크림제 40ml 기획(+5ml*2),5,"7,987",건성,피부에 거뭇한 기미가 고민이라 꾸준히 써봣는데 옅어지는 느낌이라 꾸준히 써보려구요!,https://www.oliveyoung.co.kr/store/goods/getGoodsDetail.do?goodsNo=A000000265326&dispCatNo=100000100010015&trackingCd=Cat100000100010015_Small&t_page=카테고리관&t_click=크림_전체__상품상세&t_number=5
[단독기획] 동아제약 색소침착 프로 크림제 40ml 기획(+5ml*2),5,"7,987",건성,"얼굴에 기미가 있는 편이라 신경쓰여서 관리해줄겸 구매했어요! 제형은 가벼운 크림 제형이고 빠르게 흡수되서 좋았어요, 마무리감이 기름지지도 않아서 지성분들도 사용가능하실거예요 ! 이게 크림제형이긴해도 스킨케어 마무리로 이 크림만 바르기에는 좀 가벼워서 다른 크림을 얹어주거나 레이어링을 해줘야할것가타용!",https://www.oliveyoung.co.kr/store/goods/getGoodsDetail.do?goodsNo=A000000265326&dispCatNo=100000100010015&trackingCd=Cat100000100010015_Small&t_page=카테고리관&t_click=크림_전체__상품상세&t_number=5
[단독기획] 동아제약 색소침착 프로 크림제 40ml 기획(+5ml*2),5,"7,987",건성,이제품 진짜 진짜 좋아요. 얼굴 뿐만 아니라 착색이 신경 쓰이는 신체부위의 바르기에도 아주 좋습니다. 그리고 보습력도 진짜 뛰어나서 크림으로 그냥 막 바르기에도 정말 좋아요. 좋은 제품입니다.,https://www.oliveyoung.co.kr/store/goods/getGoodsDetail.do?goodsNo=A000000265326&dispCatNo=100000100010015&trackingCd=Cat100000100010015_Small&t_page=카테고리관&t_click=크림_전체__상품상세&t_number=5
[단독기획] 동아제약 색소침착 프로 크림제 40ml 기획(+5ml*2),1,"7,987",없음,화장품을 왜 약처럼 파는지 이해안감... 일단 효과는 모르겠음...ㅠ,https://www.oliveyoung.co.kr/store/goods/getGoodsDetail.do?goodsNo=A000000265326&dispCatNo=100000100010015&trackingCd=Cat100000100010015_Small&t_page=카테고리관&t_click=크림_전체__상품상세&t_number=5
[단독기획] 동아제약 색소침착 프로 크림제 40ml 기획(+5ml*2),5,"7,987",지성,자극 없고 밤에 주고 쓰려고 구입했어요. 특히 이런 제품은 어디서 만들었느냐가 정말 중요한데요. 동아제약에서 만들었다고 하니 믿고 쓸 수 있어서 정말 맘에 드네요. 40ml에 5ml 2개 추가로 들어있으니 한 달 반은 쓰겠네요. 이런 제품 쓰면서 자외선 차단제 꼼꼼하게 바르는 거 잊지 마시고요~! 감사합니다.,https://www.oliveyoung.co.kr/store/goods/getGoodsDetail.do?goodsNo=A000000265326&dispCatNo=100000100010015&trackingCd=Cat100000100010015_Small&t_page=카테고리관&t_click=크림_전체__상품상세&t_number=5
[단독기획] 동아제약 색소침착 프로 크림제 40ml 기획(+5ml*2),5,"7,987",복합성,평소 흉터나 색소침착 관리에 관심이 많아 멜라닌 케어 성분을 꼼꼼히 따져보고 고르는 편입니다. 프로 크림제라는 이름답게 유효 성분이 알차게 들어가 있어 사용 전부터 기대가 되었어요. 일주일 넘게 꾸준히 써보니 텍스처 밸런스가 정말 훌륭합니다. 유분기가 과하지 않으면서도 보습막을 탄탄하게 씌워줘서 건조함 없이 유효 성분이 피부 속으로 쏙 흡수되는 느낌이에요. 자외선 때문에 칙칙해진 턱 라인과 볼 주변에 집중적으로 썼더니 피부 톤이 균일하게 정돈되는 효과를 봤습니다. 단독 기획 세트로 미니 용량 2개까지 챙겨줘서 가성비와 휴대성을 모두 잡았네요. 색소침착 초기 관리용 크림으로 적극 추천합니다~! ^^,https://www.oliveyoung.co.kr/store/goods/getGoodsDetail.do?goodsNo=A000000265326&dispCatNo=100000100010015&trackingCd=Cat100000100010015_Small&t_page=카테고리관&t_click=크림_전체__상품상세&t_number=5
[단독기획] 동아제약 색소침착 프로 크림제 40ml 기획(+5ml*2),5,"7,987",복합성,요즘 피부톤도 칙칙해지고 기미나 잡티가 점점 진해지는거 같아 발라주 고 있는 제품인데요. 눈가 볼 위주로 발라주는데 피부톤이 한결 밝아지는거 같아요. 올페이스 타입이라 전체적으로 발라줄수 있고 아침저녁 꾸준히 쓰는데 아주 맘에 드네여.,https://www.oliveyoung.co.kr/store/goods/getGoodsDetail.do?goodsNo=A000000265326&dispCatNo=100000100010015&trackingCd=Cat100000100010015_Small&t_page=카테고리관&t_click=크림_전체__상품상세&t_number=5
[단독기획] 동아제약 색소침착 프로 크림제 40ml 기획(+5ml*2),5,"7,987",복합성,한통 비워서 추가 구매해요. 일단 색소침착 크림인데 낮에도 바를 수 있어 편하구요. 제형도 너무 무겁거나 끈적이지 않고 부드럽게 발려서 데일리로 사용하기 좋았어요 사실 색소침착은 단기간에 큰 변화를 기대하기보다 꾸준히 관리하는 게 중요한데 자극도 크게 느껴지지 않아 계속 사용해보려구요.,https://www.oliveyoung.co.kr/store/goods/getGoodsDetail.do?goodsNo=A000000265326&dispCatNo=100000100010015&trackingCd=Cat100000100010015_Small&t_page=카테고리관&t_click=크림_전체__상품상세&t_number=5
[단독기획] 동아제약 색소침착 프로 크림제 40ml 기획(+5ml*2),5,"7,987",복합성,"이제 얼굴에 잡티가 너무 크게 눈에 띄고 이 색소에 맞는 화장품을 찾다가 샀어요. 낮에도 바를 수 있고, 제약회사가 만든 화장품이라 더 믿음이 갔구요. 동아제약 색소침착 프로 크림제를 바르고 화장해도 밀리는건 없고, 속당김도 없어서 데일리로 쓰기 정말 좋네요.",https://www.oliveyoung.co.kr/store/goods/getGoodsDetail.do?goodsNo=A000000265326&dispCatNo=100000100010015&trackingCd=Cat100000100010015_Small&t_page=카테고리관&t_click=크림_전체__상품상세&t_number=5
AHC 프로 샷 히알루로 딥 볼륨 5 캡슐 인퓨즈드 아이크림 포 페이스 30ml,5,1,없음,되게 시원하고 눈가 주변 주름이 리프팅 되는 느낌이에요! 바르기가 편해요,https://www.oliveyoung.co.kr/store/goods/getGoodsDetail.do?goodsNo=A000000263740&dispCatNo=100000100010015&trackingCd=Cat100000100010015_Small&t_page=카테고리관&t_click=크림_전체__상품상세&t_number=11
VT 피디알엔 캡슐 크림 100 50ml 기획 (+4.5ml*3ea),5,385,복합성,💙구매이유 수분감도 많아보이는데 쿨링감까지 있다고 해서 사용해보고자 구매해봤습니다! 💙제형 이미지나 광고로 봤을 때는 캡슐이 동그랗게 질감이 단단할 것 같았는데 그냥 동그랗게 짜놓은 크림이더라구요 바르면 사르르 녹아서 바르기 어렵지 않고 투명한 젤은 알로에젤 같은 느낌이에용 💙사용후 확실히 바르면 살짝 시원하게 진정되는 것 같고 저는 쿨링까지는 아닌 것 같아요 그리고 생각보다 무거운 감이 있는 것 같아서 저는 메이크업 전 사용은 못하고 나이트 케어용으로만 사용하고 있어요! 근데 생각보다 끈적이지 않고 흡수는 잘 되는 편입니다 (제 피부 타입은 수부지랍니다✨),https://www.oliveyoung.co.kr/store/goods/getGoodsDetail.do?goodsNo=A000000263735&dispCatNo=100000100010015&trackingCd=Cat100000100010015_Small&t_page=카테고리관&t_click=크림_전체__상품상세&t_number=12
VT 피디알엔 캡슐 크림 100 50ml 기획 (+4.5ml*3ea),5,385,복합성,VT에센스 써보고 크림도 구매했어요 이게 어떤 느낌일까 궁금했는데 쿨링이 엄청있다 이건 아닌것같아요 숟가락으로 초록부분을 한스푼 떠서 발랐는데 부드러운 머드팩 바르는 느낌에서 조금 온도를 낮추어준다는 느낌정도이구요 쿨링기능보단 보습 장막 광채기능이 아주 좋네요 피부가 윤기가 돌고 피부위에 한겹 감싸서 수분을 채워주네요 열심히 자주 사용할것같아요,https://www.oliveyoung.co.kr/store/goods/getGoodsDetail.do?goodsNo=A000000263735&dispCatNo=100000100010015&trackingCd=Cat100000100010015_Small&t_page=카테고리관&t_click=크림_전체__상품상세&t_number=12
VT 피디알엔 캡슐 크림 100 50ml 기획 (+4.5ml*3ea),5,385,없음,무거워 보이지만 생각보다 가벼운 사용감이에요. 이미 쓰고 있던 크림인데 재구매하는 거예요. 수부지 추천.,https://www.oliveyoung.co.kr/store/goods/getGoodsDetail.do?goodsNo=A000000263735&dispCatNo=100000100010015&trackingCd=Cat100000100010015_Small&t_page=카테고리관&t_click=크림_전체__상품상세&t_number=12
VT 피디알엔 캡슐 크림 100 50ml 기획 (+4.5ml*3ea),5,385,복합성,♡배송♡ 배송은 주문하고 2-3일 이후에도착했어요ㅋㅋ ♡사용후기♡ VT피디알엔 캡슐크림 전부터 써보고싶었는데 이제 구매했어요ㅋㅋ 리들샷이랑 같이 사용중이예요 피부상태에 따라 다르게 바를 수 있는 크림이예용 ㅋㅋㅋ피부 보습에도 효과가 있는거같아용ㅋㅋ 안에 스파츌라가 내장되어있어 위생적으로도 좋아요,https://www.oliveyoung.co.kr/store/goods/getGoodsDetail.do?goodsNo=A000000263735&dispCatNo=100000100010015&trackingCd=Cat100000100010015_Small&t_page=카테고리관&t_click=크림_전체__상품상세&t_number=12
VT 피디알엔 캡슐 크림 100 50ml 기획 (+4.5ml*3ea),5,385,없음,"여행용으로 챙기기좋은 캡슐 3개와 스푼이 들어있어요! 건성, 복합성에게 좋을거같아요 딱 발랐을때 두껍게 발리는 느낌이 들고 이 두터운 보습감 리치함이 오래가요! 근데 이게 기름 좔좔로 끝나는게 아니라 흡수되어 뽀송해진답니당!! 수분감은 주면서요! 좋은 상품이라 재구매 의사 100프로!!",https://www.oliveyoung.co.kr/store/goods/getGoodsDetail.do?goodsNo=A000000263735&dispCatNo=100000100010015&trackingCd=Cat100000100010015_Small&t_page=카테고리관&t_click=크림_전체__상품상세&t_number=12
VT 피디알엔 캡슐 크림 100 50ml 기획 (+4.5ml*3ea),5,385,건성,"피부에 열감이 올라오거나 컨디션이 떨어진 날 사용해봤는데 바르자마자 촉촉하게 감싸주면서 은근한 쿨링감이 느껴져서 좋았어요. 크림 안에 캡슐이 들어 있어서 손으로 부드럽게 펴 바르면 자연스럽게 녹아들고, 생각보다 무겁거나 답답하게 남지 않더라고요. 바른 직후에는 피부가 촉촉하고 매끈해 보이면서 붉게 달아오른 느낌도 한결 편안해지는 느낌이었어요. 특히 밤에 듬뿍 발라주고 자면 다음 날 피부가 푸석하지 않고 촉촉하게 정돈돼 있어서 만족스러웠어요. 쫀쫀한 보습감은 챙기면서 끈적임은 심하지 않아서 데일리 크림으로 부담 없이 사용하기 좋은 제품이에요.",https://www.oliveyoung.co.kr/store/goods/getGoodsDetail.do?goodsNo=A000000263735&dispCatNo=100000100010015&trackingCd=Cat100000100010015_Small&t_page=카테고리관&t_click=크림_전체__상품상세&t_number=12
VT 피디알엔 캡슐 크림 100 50ml 기획 (+4.5ml*3ea),4,385,건성,"건성(여름에는 복합성) 뮤난한 수분크림이에요 보통 캡슐하나정도 나눠바르고 있어요! 적당히 보습, 수분이 채워져서 4계절 언제 사용해도 좋을 크림이에요(건성, 수부지 추천), 수분진정느낌 저는 캡슐하나와 젤크림만 이마, 턱 부분에 추가해서 바르고 있어요 쿨링효과는 안느껴졌어요",https://www.oliveyoung.co.kr/store/goods/getGoodsDetail.do?goodsNo=A000000263735&dispCatNo=100000100010015&trackingCd=Cat100000100010015_Small&t_page=카테고리관&t_click=크림_전체__상품상세&t_number=12
VT 피디알엔 캡슐 크림 100 50ml 기획 (+4.5ml*3ea),5,385,없음,이것저것 수분감 많아보이는 엠플이든 에센스든 크림이든 다 쟁여보면서 테스트하는 중이예요 에메랄드빛의 동그랗게 짜놓은 크림이 들어있는데 투명한 젤은 알로에 느낌의 제형이구요 함께 바르면 에메랄드 크림이 같이 녹으면서 묵직한 제형으로 변해요 나이트 케어용으로 사용하고 있어요 묵직하지만 끈적이진 않아 크림 이전에 바른 앰플을 꽉 잡아주는 탄탄한 느낌이 들어 잘 쓸거 같아요,https://www.oliveyoung.co.kr/store/goods/getGoodsDetail.do?goodsNo=A000000263735&dispCatNo=100000100010015&trackingCd=Cat100000100010015_Small&t_page=카테고리관&t_click=크림_전체__상품상세&t_number=12
VT 피디알엔 캡슐 크림 100 50ml 기획 (+4.5ml*3ea),5,385,없음,"요즘 피부가 푸석하고 건조해서 사용해봤는데, 크림 안에 캡슐이 들어있어서 신기했어요. 피부에 바르면 부드럽게 녹으면서 촉촉하게 발리고, 사용하고 나면 피부가 촉촉하면서 은은하게 광이 나는 느낌이에요. 너무 무겁거나 답답한 느낌은 아니어서 데일리로 사용하기 좋았고, 자기 전에 듬뿍 발라주니까 다음 날 피부가 한결 촉촉해진 느낌이라 만족스러웠어요. 특히 건조해서 피부가 푸석해 보일 때 수분감 채워주는 크림으로 괜찮은 것 같아요. 캡슐이 들어있어서 바르는 재미도 있고요ㅎㅎ 재구매 의사 있어요! 👍🏻💚",https://www.oliveyoung.co.kr/store/goods/getGoodsDetail.do?goodsNo=A000000263735&dispCatNo=100000100010015&trackingCd=Cat100000100010015_Small&t_page=카테고리관&t_click=크림_전체__상품상세&t_number=12
VT 피디알엔 캡슐 크림 100 50ml 기획 (+4.5ml*3ea),5,385,복합성,PDRN 성분 덕분인지 듬뿍 바르고 자면 다음 날 피부가 눈에 띄게 쫀쫀해지고 은은한 광이 돌아요. 리들샷 쓰소 바르면 흡수가 더 잘되는 느낌이에요,https://www.oliveyoung.co.kr/store/goods/getGoodsDetail.do?goodsNo=A000000263735&dispCatNo=100000100010015&trackingCd=Cat100000100010015_Small&t_page=카테고리관&t_click=크림_전체__상품상세&t_number=12
[습윤장벽] 동아제약 딥-베리어 프로 크림제 50ml 기획 (+10ml),,646,없음,리뷰 수집 실패: review_component_or_items_not_loaded,https://www.oliveyoung.co.kr/store/goods/getGoodsDetail.do?goodsNo=A000000263679&dispCatNo=100000100010015&trackingCd=Cat100000100010015_Small&t_page=카테고리관&t_click=크림_전체__상품상세&t_number=14
[9월 올영픽/산리오 콜라보] 구달 청귤 비타C 잡티케어 크림 알파 75ml+75ml 리필 기획(+폼폼푸린 카드케이스),,"1,375",없음,리뷰 수집 실패: review_component_or_items_not_loaded,https://www.oliveyoung.co.kr/store/goods/getGoodsDetail.do?goodsNo=A000000263564&dispCatNo=100000100010015&trackingCd=Cat100000100010015_Small&t_page=카테고리관&t_click=크림_전체__상품상세&t_number=15
[NEW리뷰이벤트/붉은기진정크림] 동국제약 루온셀 듀얼 아쿠아 크림 50ml,,16,없음,리뷰 수집 실패: review_component_or_items_not_loaded,https://www.oliveyoung.co.kr/store/goods/getGoodsDetail.do?goodsNo=A000000263511&dispCatNo=100000100010015&trackingCd=Cat100000100010015_Small&t_page=카테고리관&t_click=크림_전체__상품상세&t_number=17
[최초구성/수부지장벽케어] 라운드랩 자작나무 수분 크림 80ml 더블 기획 (+자작 드롭 세럼 20ml),,"6,529",없음,리뷰 수집 실패: review_component_or_items_not_loaded,https://www.oliveyoung.co.kr/store/goods/getGoodsDetail.do?goodsNo=A000000263179&dispCatNo=100000100010015&trackingCd=Cat100000100010015_Small&t_page=카테고리관&t_click=크림_전체__상품상세&t_number=18
[9월올영픽] 바이오더마 시카비오 크림+ 100ml 더블 기획,,"4,529",없음,리뷰 수집 실패: review_component_or_items_not_loaded,https://www.oliveyoung.co.kr/store/goods/getGoodsDetail.do?goodsNo=A000000263070&dispCatNo=100000100010015&trackingCd=Cat100000100010015_Small&t_page=카테고리관&t_click=크림_전체__상품상세&t_number=20
[온라인단독/한정수량]라로슈포제 시카플라스트 멀티 리페어 크림 100ml 더블기획 (+15ml+시카에센스 7.5ml),,"20,170",없음,리뷰 수집 실패: review_component_or_items_not_loaded,https://www.oliveyoung.co.kr/store/goods/getGoodsDetail.do?goodsNo=A000000263021&dispCatNo=100000100010015&trackingCd=Cat100000100010015_Small&t_page=카테고리관&t_click=크림_전체__상품상세&t_number=22
[9월 올영픽/산리오캐릭터즈 콜라보] 아누아 피디알엔 히알루론산 100 수분 크림 60ml 더블기획(+시나모롤 집게핀),,"10,314",없음,리뷰 수집 실패: review_component_or_items_not_loaded,https://www.oliveyoung.co.kr/store/goods/getGoodsDetail.do?goodsNo=A000000262603&dispCatNo=100000100010015&trackingCd=Cat100000100010015_Small&t_page=카테고리관&t_click=크림_전체__상품상세&t_number=2
[9월 올영픽/손상장벽집중케어]라로슈포제 시카플라스트밤 B5+ 100ml 기획 (+시카에센스7.5ml+히알루세럼3ml),,"34,914",없음,리뷰 수집 실패: review_component_or_items_not_loaded,https://www.oliveyoung.co.kr/store/goods/getGoodsDetail.do?goodsNo=A000000263009&dispCatNo=100000100010015&trackingCd=Cat100000100010015_Small&t_page=카테고리관&t_click=크림_전체__상품상세&t_number=3
[1등크림] 에스트라 아토베리어365 크림 80ml 기획(+토너25ml+클렌징폼3g*3EA),,"40,191",없음,리뷰 수집 실패: review_component_or_items_not_loaded,https://www.oliveyoung.co.kr/store/goods/getGoodsDetail.do?goodsNo=A000000261864&dispCatNo=100000100010015&trackingCd=Cat100000100010015_Small&t_page=카테고리관&t_click=크림_전체__상품상세&t_number=4
[9월 올영픽/데일리장벽케어] 라로슈포제 시카플라스트 멀티 리페어 크림 100ml 기획 (+시카에센스 7.5ml*2),,"20,587",없음,리뷰 수집 실패: review_component_or_items_not_loaded,https://www.oliveyoung.co.kr/store/goods/getGoodsDetail.do?goodsNo=A000000263019&dispCatNo=100000100010015&trackingCd=Cat100000100010015_Small&t_page=카테고리관&t_click=크림_전체__상품상세&t_number=5
[4배속_응급진정/장벽강화]리쥬덱스 더마 리페어링 크림 20g 단품/기획(+5g*2),,"1,924",없음,리뷰 수집 실패: review_component_or_items_not_loaded,https://www.oliveyoung.co.kr/store/goods/getGoodsDetail.do?goodsNo=A000000260348&dispCatNo=100000100010015&trackingCd=Cat100000100010015_Small&t_page=카테고리관&t_click=크림_전체__상품상세&t_number=6
[장원영PICK] 닥터엘시아 345 릴리프 크림 50ml 기획 (+10ml*2ea+튜브링거),,"5,279",없음,리뷰 수집 실패: review_component_or_items_not_loaded,https://www.oliveyoung.co.kr/store/goods/getGoodsDetail.do?goodsNo=A000000245087&dispCatNo=100000100010015&trackingCd=Cat100000100010015_Small&t_page=카테고리관&t_click=크림_전체__상품상세&t_number=7
[9월 올영픽] 피지오겔 DMT 페이셜 크림 대용량 200ml 기획(+토너50ml+마스크1매),,"24,585",없음,리뷰 수집 실패: review_component_or_items_not_loaded,https://www.oliveyoung.co.kr/store/goods/getGoodsDetail.do?goodsNo=A000000263530&dispCatNo=100000100010015&trackingCd=Cat100000100010015_Small&t_page=카테고리관&t_click=크림_전체__상품상세&t_number=8
[9월 올영픽] 토리든 다이브인 저분자 히알루론산 수딩 크림 100ml 더블 기획 (+메쉬백) (시나모롤),,"3,715",없음,리뷰 수집 실패: review_component_or_items_not_loaded,https://www.oliveyoung.co.kr/store/goods/getGoodsDetail.do?goodsNo=A000000263681&dispCatNo=100000100010015&trackingCd=Cat100000100010015_Small&t_page=카테고리관&t_click=크림_전체__상품상세&t_number=9
[베일리pick/단독기획] VT 피디알엔 리들샷 아이 리프터 15ml 리필기획 (+리필 15ml),,"3,231",없음,리뷰 수집 실패: review_component_or_items_not_loaded,https://www.oliveyoung.co.kr/store/goods/getGoodsDetail.do?goodsNo=A000000260515&dispCatNo=100000100010015&trackingCd=Cat100000100010015_Small&t_page=카테고리관&t_click=크림_전체__상품상세&t_number=10
[수분진정/세럼증정] 닥터지 레드블레미쉬 클리어 수딩크림 EX 70ml기획 (+30ml+세럼10ml*2ea),,"4,417",없음,리뷰 수집 실패: review_component_or_items_not_loaded,https://www.oliveyoung.co.kr/store/goods/getGoodsDetail.do?goodsNo=A000000255752&dispCatNo=100000100010015&trackingCd=Cat100000100010015_Small&t_page=카테고리관&t_click=크림_전체__상품상세&t_number=11
셀리맥스 더 비타 A 레티날 샷 타이트닝 듀얼 크림 50ml,,240,없음,리뷰 수집 실패: review_component_or_items_not_loaded,https://www.oliveyoung.co.kr/store/goods/getGoodsDetail.do?goodsNo=A000000261065&dispCatNo=100000100010015&trackingCd=Cat100000100010015_Small&t_page=카테고리관&t_click=크림_전체__상품상세&t_number=12
[9월 올영픽][누렁이 콜라보] 제로이드 인텐시브 크림 80ml+50ml 기획 (+누렁이 파우치),,"13,075",없음,리뷰 수집 실패: review_component_or_items_not_loaded,https://www.oliveyoung.co.kr/store/goods/getGoodsDetail.do?goodsNo=A000000263068&dispCatNo=100000100010015&trackingCd=Cat100000100010015_Small&t_page=카테고리관&t_click=크림_전체__상품상세&t_number=13
페이보릿 매끈 크림 50ml,,23,없음,리뷰 수집 실패: review_component_or_items_not_loaded,https://www.oliveyoung.co.kr/store/goods/getGoodsDetail.do?goodsNo=A000000260337&dispCatNo=100000100010015&trackingCd=Cat100000100010015_Small&t_page=카테고리관&t_click=크림_전체__상품상세&t_number=15
[카디비PICK|탄력보습] 바이오힐보 프로바이오덤 3D리프팅 크림 50ml [단품/기획],,"6,977",없음,리뷰 수집 실패: review_component_or_items_not_loaded,https://www.oliveyoung.co.kr/store/goods/getGoodsDetail.do?goodsNo=A000000199701&dispCatNo=100000100010015&trackingCd=Cat100000100010015_Small&t_page=카테고리관&t_click=크림_전체__상품상세&t_number=16
[9월올영픽] 바이오더마 시카비오 포마드 100ml 기획(+포마드 5ml+크림 5ml+크림 SPF50 5ml),,"17,511",없음,리뷰 수집 실패: review_component_or_items_not_loaded,https://www.oliveyoung.co.kr/store/goods/getGoodsDetail.do?goodsNo=A000000263071&dispCatNo=100000100010015&trackingCd=Cat100000100010015_Small&t_page=카테고리관&t_click=크림_전체__상품상세&t_number=17
[헬로키티 테리백 증정/리뷰이벤트/산리오] 에스네이처 아쿠아 오아시스 수분 젤크림 90ml 기획 (+헬로키티 러기지택),,"7,438",없음,리뷰 수집 실패: review_component_or_items_not_loaded,https://www.oliveyoung.co.kr/store/goods/getGoodsDetail.do?goodsNo=A000000264149&dispCatNo=100000100010015&trackingCd=Cat100000100010015_Small&t_page=카테고리관&t_click=크림_전체__상품상세&t_number=18
도미나스 크림 Rx 30ml 대용량 한정기획 (+20ml),,"1,645",없음,리뷰 수집 실패: review_component_or_items_not_loaded,https://www.oliveyoung.co.kr/store/goods/getGoodsDetail.do?goodsNo=A000000264646&dispCatNo=100000100010015&trackingCd=Cat100000100010015_Small&t_page=카테고리관&t_click=크림_전체__상품상세&t_number=19
"[흔적,기미,미백/TXA] 셀리맥스 트라넥삼산 잡티 크림 35ml 기획 (+14ml)",,"2,574",없음,리뷰 수집 실패: review_component_or_items_not_loaded,https://www.oliveyoung.co.kr/store/goods/getGoodsDetail.do?goodsNo=A000000253592&dispCatNo=100000100010015&trackingCd=Cat100000100010015_Small&t_page=카테고리관&t_click=크림_전체__상품상세&t_number=20
[손상장벽MD] 동국제약 마데카셀 베리어 엠디 크림 70g (의료기기),,"2,839",없음,리뷰 수집 실패: review_component_or_items_not_loaded,https://www.oliveyoung.co.kr/store/goods/getGoodsDetail.do?goodsNo=A000000249659&dispCatNo=100000100010015&trackingCd=Cat100000100010015_Small&t_page=카테고리관&t_click=크림_전체__상품상세&t_number=21
[한정수량] 라로슈포제 시카플라스트 밤 B5+ 200ml기획 (+1.5ml+시카토너50ml+히알루세럼1.5ml),,"39,952",없음,리뷰 수집 실패: review_component_or_items_not_loaded,https://www.oliveyoung.co.kr/store/goods/getGoodsDetail.do?goodsNo=A000000263017&dispCatNo=100000100010015&trackingCd=Cat100000100010015_Small&t_page=카테고리관&t_click=크림_전체__상품상세&t_number=22
[우주먼지 에디션]션리 다시마 글레이즈드 크림 50g 기획 (+우주먼지쇼퍼백+스티커 3ea),,"7,666",없음,리뷰 수집 실패: review_component_or_items_not_loaded,https://www.oliveyoung.co.kr/store/goods/getGoodsDetail.do?goodsNo=A000000265040&dispCatNo=100000100010015&trackingCd=Cat100000100010015_Small&t_page=카테고리관&t_click=크림_전체__상품상세&t_number=23
[한정기획/강력진정크림] 닥터자르트 시카페어 인텐시브 수딩 리페어 크림 50ml 1+1 기획,,"4,133",없음,리뷰 수집 실패: review_component_or_items_not_loaded,https://www.oliveyoung.co.kr/store/goods/getGoodsDetail.do?goodsNo=A000000218592&dispCatNo=100000100010015&trackingCd=Cat100000100010015_Small&t_page=카테고리관&t_click=크림_전체__상품상세&t_number=24
[NEW/기프트]랑콤 제니피끄 세럼/레네르지 콜라겐 크림 50ml 선물 기획 2종,,,없음,리뷰 수집 실패: review_component_or_items_not_loaded,https://www.oliveyoung.co.kr/store/goods/getGoodsDetail.do?goodsNo=A000000267902&dispCatNo=100000100010014&trackingCd=Cat100000100010014_Small&t_page=카테고리관&t_click=에센스/세럼/앰플_전체__상품상세&t_number=1
[결/톤/탄력] 케이시크릿 서울 1988 레틴알 흑삼 세럼 30ml,,,없음,리뷰 수집 실패: review_component_or_items_not_loaded,https://www.oliveyoung.co.kr/store/goods/getGoodsDetail.do?goodsNo=A000000267370&dispCatNo=100000100010014&trackingCd=Cat100000100010014_Small&t_page=카테고리관&t_click=에센스/세럼/앰플_전체__상품상세&t_number=2
[NEW 진정세럼] 오브제 아크샷 트러블 진정 세럼 50ml,,,없음,리뷰 수집 실패: review_component_or_items_not_loaded,https://www.oliveyoung.co.kr/store/goods/getGoodsDetail.do?goodsNo=A000000267249&dispCatNo=100000100010014&trackingCd=Cat100000100010014_Small&t_page=카테고리관&t_click=에센스/세럼/앰플_전체__상품상세&t_number=3
[NEW] 온그리디언츠 바쿠글로우 레티날 부스터 샷 0.2퍼센트 30ml,,51,없음,리뷰 수집 실패: review_component_or_items_not_loaded,https://www.oliveyoung.co.kr/store/goods/getGoodsDetail.do?goodsNo=A000000265385&dispCatNo=100000100010014&trackingCd=Cat100000100010014_Small&t_page=카테고리관&t_click=에센스/세럼/앰플_전체__상품상세&t_number=5
아벤느 클리낭스 파워 컨트롤 세럼 30ml,,,없음,리뷰 수집 실패: review_component_or_items_not_loaded,https://www.oliveyoung.co.kr/store/goods/getGoodsDetail.do?goodsNo=A000000265333&dispCatNo=100000100010014&trackingCd=Cat100000100010014_Small&t_page=카테고리관&t_click=에센스/세럼/앰플_전체__상품상세&t_number=6
[우주먼지 에디션]션리 다시마 그리너리 세럼 35ml 기획 (+우주먼지 스마트톡+스티커 3ea),,"6,973",없음,리뷰 수집 실패: review_component_or_items_not_loaded,https://www.oliveyoung.co.kr/store/goods/getGoodsDetail.do?goodsNo=A000000265037&dispCatNo=100000100010014&trackingCd=Cat100000100010014_Small&t_page=카테고리관&t_click=에센스/세럼/앰플_전체__상품상세&t_number=7
[리센느 원이PICK/1+1기획] 바이오던스 포어 퍼펙팅 콜라겐 펩타이드 세럼 30ml 리필 기획,,"3,590",없음,리뷰 수집 실패: review_component_or_items_not_loaded,https://www.oliveyoung.co.kr/store/goods/getGoodsDetail.do?goodsNo=A000000264389&dispCatNo=100000100010014&trackingCd=Cat100000100010014_Small&t_page=카테고리관&t_click=에센스/세럼/앰플_전체__상품상세&t_number=9
닥터엘시아 345 릴리프 스팟 파우더 15ml,5,15,건성,처음에 양조절 잘못하면 흘러내려요. 그리고 생각보다? 막 따갑진 않아요! 단 압출 직후 부위에 하면 조금 따가워요. (그 외에는 안따가움!) 그리고 금방 굳는데 가루가 조금 떨어져요! 진정에 도움되는 것 같아요! 콕 찍어 바르는게 정말 편해요. 이런 제품 더 많아지면 좋겠어요!!,https://www.oliveyoung.co.kr/store/goods/getGoodsDetail.do?goodsNo=A000000263871&dispCatNo=100000100010014&trackingCd=Cat100000100010014_Small&t_page=카테고리관&t_click=에센스/세럼/앰플_전체__상품상세&t_number=12
닥터엘시아 345 릴리프 스팟 파우더 15ml,5,15,없음,칼라민 스팟중에서 제일 사용성도 좋은것 같아요! 잔요철 생기려고 할때 진정 확실해서 좋아요,https://www.oliveyoung.co.kr/store/goods/getGoodsDetail.do?goodsNo=A000000263871&dispCatNo=100000100010014&trackingCd=Cat100000100010014_Small&t_page=카테고리관&t_click=에센스/세럼/앰플_전체__상품상세&t_number=12
닥터엘시아 345 릴리프 스팟 파우더 15ml,5,15,없음,트러블 올라왔을 때 자기 전에 톡톡 발라주고 자요! 다음 날 아침에 일어나면 확실히 좀 가라앉아 있어서 요즘 트러블 올라올 때마다 잘 쓰고 있어요~~,https://www.oliveyoung.co.kr/store/goods/getGoodsDetail.do?goodsNo=A000000263871&dispCatNo=100000100010014&trackingCd=Cat100000100010014_Small&t_page=카테고리관&t_click=에센스/세럼/앰플_전체__상품상세&t_number=12
닥터엘시아 345 릴리프 스팟 파우더 15ml,5,15,없음,생각했던 것 보다 더더 마음에 들어서 잘 쓰고 있습니다~~!!,https://www.oliveyoung.co.kr/store/goods/getGoodsDetail.do?goodsNo=A000000263871&dispCatNo=100000100010014&trackingCd=Cat100000100010014_Small&t_page=카테고리관&t_click=에센스/세럼/앰플_전체__상품상세&t_number=12
닥터엘시아 345 릴리프 스팟 파우더 15ml,5,15,없음,"요즘 계절이 바뀌어서 그런건지 피부에 뭐가 자꾸 나더라구요,, 345 미스트랑 크림 너무 잘쓰고있는데 345 신제품 나왔다길래 바로 달려옴💨 간편하게 트러블에 올려두면 빠르게 마르고 불편함이 하나도 없어요!!! (패치 같은건 거슬려서 못쓰는 사람입니당..) 지금 이틀 썼는데 약 바른 것 처럼 사라지고 있어요ㅠㅜ 감동 ㅠ 여드름 피부에 진짜 추천합니다🙏🏻",https://www.oliveyoung.co.kr/store/goods/getGoodsDetail.do?goodsNo=A000000263871&dispCatNo=100000100010014&trackingCd=Cat100000100010014_Small&t_page=카테고리관&t_click=에센스/세럼/앰플_전체__상품상세&t_number=12
닥터엘시아 345 릴리프 스팟 파우더 15ml,5,15,없음,이거 비슷한 거 다이소에 파는데 다이소 거 써보고 이것도 궁금해서 사 봤어요,https://www.oliveyoung.co.kr/store/goods/getGoodsDetail.do?goodsNo=A000000263871&dispCatNo=100000100010014&trackingCd=Cat100000100010014_Small&t_page=카테고리관&t_click=에센스/세럼/앰플_전체__상품상세&t_number=12
닥터엘시아 345 릴리프 스팟 파우더 15ml,5,15,없음,"에센스와 칼라민 파우더가 층으로 나뉘어 있어서 신기해요! 흔들지 않고 면봉으로 톡 찍어서 트러블이나 신경 쓰이는 부위에 바르면 돼서 사용법도 간단해요. 바를 때 살짝 따끔한 느낌은 있지만, 필요한 부위만 집중적으로 진정 케어할 수 있어서 만족스럽습니다 😊",https://www.oliveyoung.co.kr/store/goods/getGoodsDetail.do?goodsNo=A000000263871&dispCatNo=100000100010014&trackingCd=Cat100000100010014_Small&t_page=카테고리관&t_click=에센스/세럼/앰플_전체__상품상세&t_number=12
닥터엘시아 345 릴리프 스팟 파우더 15ml,5,15,없음,"345크림 너무 잘 쓰고 있어서 스팟파우더도 구매해봤어요! 저는 항상 마법이 시작되기 직전에 트러블이 올라오는 편인데, 이번에 올라온 부위에 사용해보니 다음날 확실히 진정된 게 보여서 너무 좋았어요🥹💗 특히 극소 부위에만 콕 찍어서 사용할 수 있는 점도 마음에 들어요! 넓게 바르는 제품이 아니라 필요한 곳에 집중적으로 사용할 수 있어서 더 만족스러웠어요ㅎㅎ 트러블 올라올 때마다 꾸준히 써보려고요✨",https://www.oliveyoung.co.kr/store/goods/getGoodsDetail.do?goodsNo=A000000263871&dispCatNo=100000100010014&trackingCd=Cat100000100010014_Small&t_page=카테고리관&t_click=에센스/세럼/앰플_전체__상품상세&t_number=12
닥터엘시아 345 릴리프 스팟 파우더 15ml,5,15,없음,파우더가 섞인 형태의 코스메틱 재품은 잘 못봤는데 가볍게 사용하기 좋은 것 같아요☺️ 흔들지 않으면 분홍색 파우더가 이미 분리되어 있어서 그대로 파우더를 찍어서 진정이 필요한 부분에 발라주면 좋슴니당,https://www.oliveyoung.co.kr/store/goods/getGoodsDetail.do?goodsNo=A000000263871&dispCatNo=100000100010014&trackingCd=Cat100000100010014_Small&t_page=카테고리관&t_click=에센스/세럼/앰플_전체__상품상세&t_number=12
닥터엘시아 345 릴리프 스팟 파우더 15ml,5,15,없음,너무 궁금해서 한번 사봤는데 팁도 내장되어 있고 패키지 디자인도 너무 맘에 들어요 효과는 좀 더 써봐야 알 것 같아요,https://www.oliveyoung.co.kr/store/goods/getGoodsDetail.do?goodsNo=A000000263871&dispCatNo=100000100010014&trackingCd=Cat100000100010014_Small&t_page=카테고리관&t_click=에센스/세럼/앰플_전체__상품상세&t_number=12
[9월 올영픽/산리오 콜라보] 구달 청귤 비타C E TXA 세럼 30ml+30ml 리필 기획 (+폼폼푸린 에코백),,"4,089",없음,리뷰 수집 실패: review_component_or_items_not_loaded,https://www.oliveyoung.co.kr/store/goods/getGoodsDetail.do?goodsNo=A000000263569&dispCatNo=100000100010014&trackingCd=Cat100000100010014_Small&t_page=카테고리관&t_click=에센스/세럼/앰플_전체__상품상세&t_number=14
[NEW/수분홀딩] 라운드랩 자작나무 수분 드롭 세럼 50ml 기획 (+크림 20ml),,230,없음,리뷰 수집 실패: review_component_or_items_not_loaded,https://www.oliveyoung.co.kr/store/goods/getGoodsDetail.do?goodsNo=A000000263178&dispCatNo=100000100010014&trackingCd=Cat100000100010014_Small&t_page=카테고리관&t_click=에센스/세럼/앰플_전체__상품상세&t_number=18
[9월올영픽/설윤PICK] 바이오더마 하이드라비오 에센스 로션 200ml 기획 (+펌프용기+파우치) (2609),,"17,292",없음,리뷰 수집 실패: review_component_or_items_not_loaded,https://www.oliveyoung.co.kr/store/goods/getGoodsDetail.do?goodsNo=A000000263073&dispCatNo=100000100010014&trackingCd=Cat100000100010014_Small&t_page=카테고리관&t_click=에센스/세럼/앰플_전체__상품상세&t_number=19
[원현주PICK/신규기획] 믹순 콩 에센스 50ml 기획 (+콩 에센스 1.5ml*6ea + 콩 크림 15ml),5,"1,410",복합성,평소에 이미 잘 사용하고 있던 믹순! 콩 에센스를 최근에 처음 사용해보고 그냥 스킨케어에 똑같이 사용 중이었는데 한 유튜브에서 펌프를 넉넉하게 짜서 얼굴에 롤링해 마사지해주다보면 피지가 나온다고 하더라고요 너무 신기해서 바로 해봤는데 진짜 조금이지만 작은 알갱이같은게 나와서 신기했어요! 제형은 엄청 쫀쫀해요 진짜 발효 콩 추출물이 들어가서 더 그런 것 같아요 데일리로 바르기엔 조금 부담스러울 거 같고 간간히 사용하면 좋을 거 같아요 믹순 엔하이픈 파이팅 !!,https://www.oliveyoung.co.kr/store/goods/getGoodsDetail.do?goodsNo=A000000263031&dispCatNo=100000100010014&trackingCd=Cat100000100010014_Small&t_page=카테고리관&t_click=에센스/세럼/앰플_전체__상품상세&t_number=21
[원현주PICK/신규기획] 믹순 콩 에센스 50ml 기획 (+콩 에센스 1.5ml*6ea + 콩 크림 15ml),5,"1,410",없음,피부에 부드럽게 펴 발리고 흡수도 빨라서 데일리로 사용하기 좋아요ㅎㅎ 바르고 나면 끈적이거나 답답한 느낌 없이 촉촉하게 마무리돼서 여러 스킨케어를 함께 사용해도 부담이 없더라고요. 피부가 예민하고 붉어 보이는 날 발라주면 한결 편안하게 진정되는 느낌이라 자꾸 손이 가요😊 특히 푸석하고 컨디션이 떨어진 날에도 촉촉하게 피부결을 정돈해줘서 만족스러웠어요. 순하고 산뜻한 진정 에센스를 찾는 분들이 사용하기 괜찮을 것 같아요!,https://www.oliveyoung.co.kr/store/goods/getGoodsDetail.do?goodsNo=A000000263031&dispCatNo=100000100010014&trackingCd=Cat100000100010014_Small&t_page=카테고리관&t_click=에센스/세럼/앰플_전체__상품상세&t_number=21
[원현주PICK/신규기획] 믹순 콩 에센스 50ml 기획 (+콩 에센스 1.5ml*6ea + 콩 크림 15ml),5,"1,410",복합성,요즘 피지가 고민이라 예전에 사용했던 이 제품 다시 구매해왔습니다.! 롤링하면 진짜 피지 나와서 만족해요.,https://www.oliveyoung.co.kr/store/goods/getGoodsDetail.do?goodsNo=A000000263031&dispCatNo=100000100010014&trackingCd=Cat100000100010014_Small&t_page=카테고리관&t_click=에센스/세럼/앰플_전체__상품상세&t_number=21
[원현주PICK/신규기획] 믹순 콩 에센스 50ml 기획 (+콩 에센스 1.5ml*6ea + 콩 크림 15ml),5,"1,410",없음,"사용해보니 발림성이 부드럽고 피부에 부담 없이 잘 흡수돼서 만족스러워요. 끈적임이 심하지 않고 사용 후 피부가 촉촉하게 느껴져서 데일리로 사용하기 좋네요. 향도 은은해서 부담스럽지 않고, 꾸준히 사용해보려고 합니다. 재구매 의사 있어요!",https://www.oliveyoung.co.kr/store/goods/getGoodsDetail.do?goodsNo=A000000263031&dispCatNo=100000100010014&trackingCd=Cat100000100010014_Small&t_page=카테고리관&t_click=에센스/세럼/앰플_전체__상품상세&t_number=21
[원현주PICK/신규기획] 믹순 콩 에센스 50ml 기획 (+콩 에센스 1.5ml*6ea + 콩 크림 15ml),4,"1,410",없음,"건성+민감성+여드름 수분, 유분 다 부족한 건성이고 진정화장품 없으면 금방 뒤집어지는 피부입니다 화농성 여드름도 하나 둘 씩 꾸분히 나고 요즘은 블랙헤드로 엄청 고생하고 있습니다 ㅠㅜ 결론부터 말하자면 속보습 기가막히게 잡아주는 민감성용 각질제거제라고 생각합니다 ♣제형 약간 점성있고 주르륵 흘러요 꿀보다는 점성이 적은 제형이라고 생각하시면됩니당 ♣향은 그냥 무향에 가까워요 ♣보습감 그냥 데일리로 바를때는 보습감이 좋긴하지만 이 돈주고 살 만큼은 아닌거같아요 같은가격에 용량크고 보습력 좋은게 많아서요ㅜㅠ 그런데 마사지할때는 보습력이 장난아닙니다 마사지해주듯이 많이 펌핑해서 롤링해주다보면 흡수가 굉장히 잘되는데 속부터 차오르는 보습감을 느낄수 있어요!! 피부결이 장난아닙니다 ♣사용감 처음에는 낫또처럼 실타래가 쭈욱 늘어나는데 끈적이진않아요 펴 발라주면 실타래가 싹 사라지면서 약간 미끌거리는데 오일처럼 답답한 느낌도 없어요 ♣각질제거효과 그냥 바르기만하면 각질제거 효과도 모르겠어요 근데 마사지할떄 눈에 띄게 되는건 아니지만 각질을 살살 잠재우고 보습을 채워주는 느낌입니다 ♣여드름 발효성부니 잘 안맞아서 매일 바르면 서서히 여드름 폭탄맞아요 ♣블랙헤드&화이트헤드 뭐 아예 효과 없다고 생각합니다 ♣자극 롤링 오래하고 나오는 덩어리들때문에 아파요 털어내고 사용하면 됩니다 발효 성분이 아예 안맞는지 어머니께서는 피부 바로 붉어지고 간지럽고 따가워졌어요ㅜㅠ ♣사용법♣ 저는 쉬는 날 아침에 했습니다 1. 뜨끈한 물로 세수합니다 2. 아무것도 바르지 않고 믹순 콩에센스만 발라줍니다 3. 3번 펌핑 후 얼굴 전체에 도포해주고 살살 롤링해줍니다 4. 롤링해주다보면 끈적함이 사라지고 부드럽고 미끌거려요 그때 피부속으로 에센스가 다 들어가는 느낌이 들거에요 그럼 다시 한-두 펌핑 더 짜서 다시 얼굴에 도포해줍니다 5. 유튜브에서는 5~10분 이상 롤링해주면 알갱이가 생긴다는데 저는 턱부분이 2분도 안되서 바로 나오더라구요 6. 알갱이를 털어내면서 충분히 롤링해줍니다 저는 계속 나오길래 10분정도 했지만 그렇게 오래할 필요성은 모르겠어요 7. 화장솜에 토너 충분히 적셔서 닦아내라고들 하지만 저는 이미 피부가 많이 자극되서 물세안했습니다 8. 원래대로 기초케어를 해주고 마무리합니다 한 번 마사지할 떄 10펌핑정도 사용하는거 같아요 비싼데 엄청 쓰게되더라구요 ㅠㅜ ♣개인적인 생각이지만 알갱이들이 피지덩어리가 아니라 피지를 조금씩 흡착하는 에센스 뭉치라고 생각합니다 이유는 에센스가 끈적임이 사라지고 어느정도 마른곳은 덩어리가 엄청 나오는데 이게 다 각질이면 피부 벗겨져야되지않을까",https://www.oliveyoung.co.kr/store/goods/getGoodsDetail.do?goodsNo=A000000263031&dispCatNo=100000100010014&trackingCd=Cat100000100010014_Small&t_page=카테고리관&t_click=에센스/세럼/앰플_전체__상품상세&t_number=21
[원현주PICK/신규기획] 믹순 콩 에센스 50ml 기획 (+콩 에센스 1.5ml*6ea + 콩 크림 15ml),5,"1,410",건성,한 때 피지가 많이 생기고 화이트헤드가 많아져서 진짜 스스레스 받고 고민하다가 이것저것 서치하는데 믹순 콩 에센스 알게됐어요. 화이트헤드랑 각질제거에 좋다길래 배송와서 열심히 영상에서 본대로 일단 발라서 문질문질하고 어느정도 발리면 다시 짜서 얼굴에 마사지하면서 롤링하는거였는데여. 와 진짜 손에 뭐가 막 묻어나와서 뭐지하고 봣는데 피지덩어리가....각질과 함께 손에 막 느껴지더라구여 진짜 너무신기하고 그렇게 막 문질러도 자극 없어서 일단 좋았고 진짜 일주일에 두번정도 사용하니까 첨엔 막 뭐가 느껴지더니 몇번 사용 후에는 각질이랑 피지가 그렇게 많지 않은지 아무리 문질러도 안나오더라구요. 제품이 뭉쳐지는건가 했는데 그건 아니었나봐요. 일단 이걸 사용하고나서 피지때문에 모공막혀서 나던 나비존 트러블들 안나고요 전혀...진짜 이것만 효과 봐도 건진셈 그리고 볼쪽 화이트헤드도 점차 사라지더니 거의 신경안쓰일정도로 없어요. 에센스로는 사용을 안하고 그런 용도로 쓰기엔 정말 좋고 팍팍 쓰느라 금방 줄긴하는데ㅜ 세일 많이하진 않지만 그래도 세일때 구매하십셔. 이게 점성? 끈적해서 막 바르면 딸려오고 힘들긴한데 못쓸정도는 아닙니다. 오늘 생각난김에 해야지,https://www.oliveyoung.co.kr/store/goods/getGoodsDetail.do?goodsNo=A000000263031&dispCatNo=100000100010014&trackingCd=Cat100000100010014_Small&t_page=카테고리관&t_click=에센스/세럼/앰플_전체__상품상세&t_number=21
[원현주PICK/신규기획] 믹순 콩 에센스 50ml 기획 (+콩 에센스 1.5ml*6ea + 콩 크림 15ml),4,"1,410",복합성,"💄하도 유튜브에서 뷰티유튜버들이 추천해서 너무 궁금해서 한번 구매해서 사용해봤어요. 가격대가 조금 나가다 보니까 세일때 구매하는 걸 추천드려요! 🫘먼저 믹순 콩 에센스는 제형부터 사용감이 정말 신기했던 제품이에요. 노폐물 제거용, 피지와 각질 관리 전용으로 나온 제품인데, 약간 미끌미끌 거리고 콧물같은 제형이에요. 아 약간 낫토 같은 제형?? 그래서 얼굴에 발라서 흡수시켜주는 용도도 가능하긴 하지만, 문질문질해주는 용도로 더 많이 사용한다고 합니다. 그래서 저도 한번 코 주변에 각질과 피지 많은 곳에 에센스를 짜서 열심히 롤링해줬어요. 😃이게 약간 끈적거릴까? 했는데 끈적거리거나 찐득거리지는 않고 부드럽게 피지들이 나와서 너무 신기했어요. 약간 알갱이들이 나오는데,,, 내 얼굴에 이렇게 피지들이 많았나..? 하는 느낌..?? 👆🏻이건 보습용 에센스가 아니기 때문에 이런 롤링을 매일 해주는 건 자극적이라고 들었어요. 그래서 주 1,2회만 사용하는 걸 권장드립니다.",https://www.oliveyoung.co.kr/store/goods/getGoodsDetail.do?goodsNo=A000000263031&dispCatNo=100000100010014&trackingCd=Cat100000100010014_Small&t_page=카테고리관&t_click=에센스/세럼/앰플_전체__상품상세&t_number=21
[원현주PICK/신규기획] 믹순 콩 에센스 50ml 기획 (+콩 에센스 1.5ml*6ea + 콩 크림 15ml),5,"1,410",복합성,크림도 써봤는데 엄청 깔끔한 느낌이었고 보습이 잘 되서 만족스러웠었는데 믹순 콩에센스도 궁금해서 사봤어요. 믹순 콩에센스는 점성이 있고 제형? 특성?이 독특했어요. 그냥 바르면 뭔가 계속 흡수가 안되는 느낌?그런 느낌이 있는데 그 유튜브에서 알려준대로 얼굴에 얹고 마사지하듯 계속 문지르면 얼굴에서 각질이 몽글몽글 뭉쳐져 나오더라구요. 그리고 많은분들께서 그렇게 사용하시더라구요~ 확실히 입소문을 탔나봐요. 그래서 저도 흐름에 탑승.ㅋㅋㅋ그런데 그렇게 마사지를 꽤 오랜시간해주고나면 피부가 몰라보게 좋아져요. 즉각적으로요. 그 마사지법으로 사용했을 때 효과가 너무너무 좋았어서 피부 컨디션이 별로다싶거나 각질제거가 필요하다싶을 때 종종 쓰고있는데 아주 만족스러워요. 그냥 에센스자체로는 솔직히 메리트가 느껴지지않았는데 마사지하는 방법이 진짜 좋은 것 같아요.,https://www.oliveyoung.co.kr/store/goods/getGoodsDetail.do?goodsNo=A000000263031&dispCatNo=100000100010014&trackingCd=Cat100000100010014_Small&t_page=카테고리관&t_click=에센스/세럼/앰플_전체__상품상세&t_number=21
[원현주PICK/신규기획] 믹순 콩 에센스 50ml 기획 (+콩 에센스 1.5ml*6ea + 콩 크림 15ml),5,"1,410",건성,며칠 전 화장이 들떴던 날이 있었어요 전날 밤 케어를 제대로 안 해준 탓에 각질이 올라오고 피부가 바짝 건조해졌답니다.. 💚믹순 용기에 보이듯이 순수함 즉 안심하고사용 가능하다는 뜻 같아요발효 성분인 콩 발효 추출물이 함유되어 더 작은 입자들로 피부 속에 흡수되는데요! 각질제거를 하는 동시에 보습까지 꽉꽉 채워주니 수분 걱정도 없었어요 낫또처럼 쭈욱 늘어나는 제형으로 ✔️ 처음보는 제형이에요 그래서 끈적이지 않을까? 걱정했지만 이건 뇌피셜일 뿐 잘 흡수되었어요! 💚점액질같이 늘어나는것은 콩의 발효성분이니까걱정은 넣어두세요점성이 있기에 흐르는 속도는 느립니다​ 펌핑형태로 상품을 사용할 수 있는 용기에요 ✔️보기엔 양이 부족해 보이지만 (맞습니다 조금 부족할듯..)그래도 총5번정도의 펌핑으로 피부속피지들과 각질을 제거 할 수 있어요,https://www.oliveyoung.co.kr/store/goods/getGoodsDetail.do?goodsNo=A000000263031&dispCatNo=100000100010014&trackingCd=Cat100000100010014_Small&t_page=카테고리관&t_click=에센스/세럼/앰플_전체__상품상세&t_number=21
[원현주PICK/신규기획] 믹순 콩 에센스 50ml 기획 (+콩 에센스 1.5ml*6ea + 콩 크림 15ml),5,"1,410",없음,"⚠️🤮사진 피지 주의🤮⚠️ 저는 중복합성으로 다른데는 건조한데 유독 코에 블랙헤드가 심한 사람인데요 ^.^ 유명한 바세린, 클렌징오일 해봐도 블랙헤드 제거에는 딱히 효과도 없길래 방치하고 살다가 속는 셈 치고 구매했는데 지금까지 한 것 중에 제일 효과가 컸어요!!! 📌크기는 작아요! 립스틱만 합니다..... 그래도 아끼지말고 넉넉하게 코에 도포하고 그냥 계속 롤링해줍니다 제형은 낫또처럼 실이 늘어나고 끈적이는 신기한 제형이에요 저는 바깥에서 안쪽으로 두손으로 계속 롤링했어요 처음 한 5분은 하나도 안나와서 엥?...ㅋㅋ이게 된다고? 했는데 의심하지말고 계속 해보세요..... 10분되면 정체불명 흰색 각질과 검은색 알들이 손에 느껴져요!!!! 📌십분정도 롤링이 완료되면 약산성이 아닌 딥클렌징 폼클렌징으로 가볍게 세안을 해주었어요! 세안 다 끝내고 나면 미처 나오지 못한 블랙헤드들이 고개를 내밀고 있는데요 이때 여드름 짜기용 핀셋을 이용하여 가볍게 짜면서 쓸어줬더니 피지가....🤮😱 솔직히 힘을 줘서 짜는거라 자극이 조금은 있는데 정말 좍좍 다 빠졌어욬ㅋㅋㅋ 손으로 짜도 가볍게 쑥쑥 잘 나오더라고요 블랙헤드 조지니까 시원합니다 ㅠ 한달에 한 번 정도 해주려고요!!! 자극이 있는 한이 있어도 블랙헤드 조지고 싶으신 분들은 꼭 핀셋으로 2차 짜내기까지 해보세요!",https://www.oliveyoung.co.kr/store/goods/getGoodsDetail.do?goodsNo=A000000263031&dispCatNo=100000100010014&trackingCd=Cat100000100010014_Small&t_page=카테고리관&t_click=에센스/세럼/앰플_전체__상품상세&t_number=21
[화잘먹/속건조 수분충전] 디마프 히어로 마이 퍼스트 버블세럼 155ml 기획 (+50ml 구성),,"1,579",없음,리뷰 수집 실패: review_component_or_items_not_loaded,https://www.oliveyoung.co.kr/store/goods/getGoodsDetail.do?goodsNo=A000000263028&dispCatNo=100000100010014&trackingCd=Cat100000100010014_Small&t_page=카테고리관&t_click=에센스/세럼/앰플_전체__상품상세&t_number=22
[9월 올영픽] 유세린 하이알루론 에피셀린 세럼 30ml 기획 (+진정장벽 마스크팩 1매),,"1,292",없음,리뷰 수집 실패: review_component_or_items_not_loaded,https://www.oliveyoung.co.kr/store/goods/getGoodsDetail.do?goodsNo=A000000263014&dispCatNo=100000100010014&trackingCd=Cat100000100010014_Small&t_page=카테고리관&t_click=에센스/세럼/앰플_전체__상품상세&t_number=23
[썸머썸머PICK/9월 올영픽] 유세린 티아미돌 부스터 세럼 30ml 기획 (+광채 세럼 7ml),,868,없음,리뷰 수집 실패: review_component_or_items_not_loaded,https://www.oliveyoung.co.kr/store/goods/getGoodsDetail.do?goodsNo=A000000263011&dispCatNo=100000100010014&trackingCd=Cat100000100010014_Small&t_page=카테고리관&t_click=에센스/세럼/앰플_전체__상품상세&t_number=24
더마팩토리 나이아신아마이드 20% 세럼 30ml,,"18,772",없음,리뷰 수집 실패: review_component_or_items_not_loaded,https://www.oliveyoung.co.kr/store/goods/getGoodsDetail.do?goodsNo=A000000225217&dispCatNo=100000100010014&trackingCd=Cat100000100010014_Small&t_page=카테고리관&t_click=에센스/세럼/앰플_전체__상품상세&t_number=1
[9월 올영픽/산리오캐릭터즈 콜라보] 아누아 피디알엔 히알루론산 캡슐 100 세럼 30ml 더블기획(+시나모롤 파우치),,"24,062",없음,리뷰 수집 실패: review_component_or_items_not_loaded,https://www.oliveyoung.co.kr/store/goods/getGoodsDetail.do?goodsNo=A000000262602&dispCatNo=100000100010014&trackingCd=Cat100000100010014_Small&t_page=카테고리관&t_click=에센스/세럼/앰플_전체__상품상세&t_number=2
[단독기획/모공탄력] 셀리맥스 더 비타 A 레티날 샷 타이트닝 부스터 15ml 기획(+3ml),,"4,160",없음,리뷰 수집 실패: review_component_or_items_not_loaded,https://www.oliveyoung.co.kr/store/goods/getGoodsDetail.do?goodsNo=A000000250199&dispCatNo=100000100010014&trackingCd=Cat100000100010014_Small&t_page=카테고리관&t_click=에센스/세럼/앰플_전체__상품상세&t_number=3
[9월 올영픽] 토리든 다이브인 저분자 히알루론산 세럼 50ml 리필 기획 (+50ml 리필+자석인형) (시나모롤),,"3,970",없음,리뷰 수집 실패: review_component_or_items_not_loaded,https://www.oliveyoung.co.kr/store/goods/getGoodsDetail.do?goodsNo=A000000263664&dispCatNo=100000100010014&trackingCd=Cat100000100010014_Small&t_page=카테고리관&t_click=에센스/세럼/앰플_전체__상품상세&t_number=4
[9월 올영픽/산리오캐릭터즈 콜라보] 아누아 어성초 77 B3 징크 트러블 세럼 30ml 리필 기획 (+포차코 파우치),5,"2,022",없음,난 여기 회사가 너무 답답함;; 어성초 라인 기깔나게 뽑아놓고 왜 수분라인을 메인으로 미는지 모르갰음;;; 담당자가 누군지는 모르갰지만 꼭 이 후기 보길 바람… 어성초 라인 전제품 다 써보고 리뷰남기는거임ㅇㅇ 내가 어성초랑 잘맞는것도 있는데 걍 제품을 ㅈ나 잘뽑음 ㅇㅇ,https://www.oliveyoung.co.kr/store/goods/getGoodsDetail.do?goodsNo=A000000262619&dispCatNo=100000100010014&trackingCd=Cat100000100010014_Small&t_page=카테고리관&t_click=에센스/세럼/앰플_전체__상품상세&t_number=5
[9월 올영픽/산리오캐릭터즈 콜라보] 아누아 어성초 77 B3 징크 트러블 세럼 30ml 리필 기획 (+포차코 파우치),5,"2,022",건성,"건성, 여드름, 여드름자국, 좁쌀이 고민인 20대 여자입니다ㅠ 한달 째 사용 중인데 좁쌀이 점점 들어가고 있어요! 토리든 수분 토너팩 -> 아누아 세럼 -> 에스트라 수딩크림 기초는 이 세개로만 아침저녁으로 하고 있습니당! 제 리뷰가 도움이 되었다면 하단에 “도움이 돼요” 버튼 눌러주시면 감사하겠습니다💖",https://www.oliveyoung.co.kr/store/goods/getGoodsDetail.do?goodsNo=A000000262619&dispCatNo=100000100010014&trackingCd=Cat100000100010014_Small&t_page=카테고리관&t_click=에센스/세럼/앰플_전체__상품상세&t_number=5
[9월 올영픽/산리오캐릭터즈 콜라보] 아누아 어성초 77 B3 징크 트러블 세럼 30ml 리필 기획 (+포차코 파우치),4,"2,022",없음,올리브영X산리오 콜라보로 나온 아누아 트러블 진정 어성초 세럼이에요. 본품 30ml와 리필 30ml 구성 포차코 파우치 너무 귀여워서 증정으로 소장가치도 높아 구매했어요 포차코 집에 파우치 가방이 몇개 있는데 귀여워요 사용후 얼마나 좋은지 후기 할께요 피부 진정에 도움을 주는 어성초 세럼으로 산뜻하게 사용해보세요.,https://www.oliveyoung.co.kr/store/goods/getGoodsDetail.do?goodsNo=A000000262619&dispCatNo=100000100010014&trackingCd=Cat100000100010014_Small&t_page=카테고리관&t_click=에센스/세럼/앰플_전체__상품상세&t_number=5
[트러블모공] 디오디너리 나이아신아마이드 10% + 징크 1% 60ml,,"13,943",없음,리뷰 수집 실패: review_component_or_items_not_loaded,https://www.oliveyoung.co.kr/store/goods/getGoodsDetail.do?goodsNo=A000000158615&dispCatNo=100000100010014&trackingCd=Cat100000100010014_Small&t_page=카테고리관&t_click=에센스/세럼/앰플_전체__상품상세&t_number=8
[세은 PICK/트러블1등] 셀라딕스 트러블 세범 리밸런싱 131 앰플 30ml,,"5,920",없음,리뷰 수집 실패: review_component_or_items_not_loaded,https://www.oliveyoung.co.kr/store/goods/getGoodsDetail.do?goodsNo=A000000224494&dispCatNo=100000100010014&trackingCd=Cat100000100010014_Small&t_page=카테고리관&t_click=에센스/세럼/앰플_전체__상품상세&t_number=9
[9월 올영픽/산리오] 아비브 어성초 테카 캡슐 세럼 카밍 드롭 50ml 더블 기획(+스팟패치+케이스),,"16,522",없음,리뷰 수집 실패: review_component_or_items_not_loaded,https://www.oliveyoung.co.kr/store/goods/getGoodsDetail.do?goodsNo=A000000263036&dispCatNo=100000100010014&trackingCd=Cat100000100010014_Small&t_page=카테고리관&t_click=에센스/세럼/앰플_전체__상품상세&t_number=10
[헬로키티 테리백 증정/리뷰이벤트/산리오] 에스네이처 아쿠아 스쿠알란 세럼 50ml 리필기획(+리필50ml+파우치),,"16,571",없음,리뷰 수집 실패: review_component_or_items_not_loaded,https://www.oliveyoung.co.kr/store/goods/getGoodsDetail.do?goodsNo=A000000264146&dispCatNo=100000100010014&trackingCd=Cat100000100010014_Small&t_page=카테고리관&t_click=에센스/세럼/앰플_전체__상품상세&t_number=11
[산리오캐릭터즈 에디션] 메디힐 마데카소사이드 더마 세럼 50+50mL(+폼폼푸린 스마트톡),,"5,130",없음,리뷰 수집 실패: review_component_or_items_not_loaded,https://www.oliveyoung.co.kr/store/goods/getGoodsDetail.do?goodsNo=A000000262436&dispCatNo=100000100010014&trackingCd=Cat100000100010014_Small&t_page=카테고리관&t_click=에센스/세럼/앰플_전체__상품상세&t_number=12
[트러블진정세럼] 넘버즈인 1번 판토텐산 액티브업 수딩세럼 50ml 리필기획 (50ml+50ml),,"18,498",없음,리뷰 수집 실패: review_component_or_items_not_loaded,https://www.oliveyoung.co.kr/store/goods/getGoodsDetail.do?goodsNo=A000000207225&dispCatNo=100000100010014&trackingCd=Cat100000100010014_Small&t_page=카테고리관&t_click=에센스/세럼/앰플_전체__상품상세&t_number=13
[1등미백앰플] 메디큐브 PDRN 핑크 펩타이드 앰플 30ml 한정기획 (+리필팩 50ml+앰플 10ml),,"15,803",없음,리뷰 수집 실패: review_component_or_items_not_loaded,https://www.oliveyoung.co.kr/store/goods/getGoodsDetail.do?goodsNo=A000000264301&dispCatNo=100000100010014&trackingCd=Cat100000100010014_Small&t_page=카테고리관&t_click=에센스/세럼/앰플_전체__상품상세&t_number=14
[3일진정세럼]브링그린 징크테카 트러블 세럼 대용량 기획,,"24,485",없음,리뷰 수집 실패: review_component_or_items_not_loaded,https://www.oliveyoung.co.kr/store/goods/getGoodsDetail.do?goodsNo=A000000200646&dispCatNo=100000100010014&trackingCd=Cat100000100010014_Small&t_page=카테고리관&t_click=에센스/세럼/앰플_전체__상품상세&t_number=16
"[흔적 리페어_c-PDRN 10,000 PPM]리쥬덱스 더마 리페어링 솔루션 앰플 10mLx2EA",,363,없음,리뷰 수집 실패: review_component_or_items_not_loaded,https://www.oliveyoung.co.kr/store/goods/getGoodsDetail.do?goodsNo=A000000260346&dispCatNo=100000100010014&trackingCd=Cat100000100010014_Small&t_page=카테고리관&t_click=에센스/세럼/앰플_전체__상품상세&t_number=17
[1+1][손거울 증정] 한율 쑥히알 세럼 40ml 리필 기획 (+40ml 리필+산리오 헬로키티 손거울(랜덤)),,"5,991",없음,리뷰 수집 실패: review_component_or_items_not_loaded,https://www.oliveyoung.co.kr/store/goods/getGoodsDetail.do?goodsNo=A000000262934&dispCatNo=100000100010014&trackingCd=Cat100000100010014_Small&t_page=카테고리관&t_click=에센스/세럼/앰플_전체__상품상세&t_number=19
[흔적미백] 넘버즈인 5번 글루타치온C 흔적 앰플 30ml+30ml 듀오기획,,"21,677",없음,리뷰 수집 실패: review_component_or_items_not_loaded,https://www.oliveyoung.co.kr/store/goods/getGoodsDetail.do?goodsNo=A000000189837&dispCatNo=100000100010014&trackingCd=Cat100000100010014_Small&t_page=카테고리관&t_click=에센스/세럼/앰플_전체__상품상세&t_number=20
[9월 올영픽/산리오 콜라보] 구달 청귤 비타C 잡티케어 세럼 알파 50+50ml 리필 기획(+폼폼푸린 마그넷 피규어),,"5,076",없음,리뷰 수집 실패: review_component_or_items_not_loaded,https://www.oliveyoung.co.kr/store/goods/getGoodsDetail.do?goodsNo=A000000263562&dispCatNo=100000100010014&trackingCd=Cat100000100010014_Small&t_page=카테고리관&t_click=에센스/세럼/앰플_전체__상품상세&t_number=21
아이오페 레티놀 레티젝션 세럼 30ml 기획 (+세럼10ml+크림15ml),,672,없음,리뷰 수집 실패: review_component_or_items_not_loaded,https://www.oliveyoung.co.kr/store/goods/getGoodsDetail.do?goodsNo=A000000232357&dispCatNo=100000100010014&trackingCd=Cat100000100010014_Small&t_page=카테고리관&t_click=에센스/세럼/앰플_전체__상품상세&t_number=22
[30ml+30ml / 강력토닝케어] 아렌시아 비타민 C 부스터 샷 30ml 더블기획,,"1,410",없음,리뷰 수집 실패: review_component_or_items_not_loaded,https://www.oliveyoung.co.kr/store/goods/getGoodsDetail.do?goodsNo=A000000254661&dispCatNo=100000100010014&trackingCd=Cat100000100010014_Small&t_page=카테고리관&t_click=에센스/세럼/앰플_전체__상품상세&t_number=24
[9월 올영픽] 파티온 노스카나인 트러블 세럼 50ml 리필 기획 (+리필40ml+크림10ml),,"80,531",없음,리뷰 수집 실패: review_component_or_items_not_loaded,https://www.oliveyoung.co.kr/store/goods/getGoodsDetail.do?goodsNo=A000000219609&dispCatNo=100000100010014&trackingCd=Cat100000100010014_MID&t_page=카테고리관&t_click=에센스/세럼/앰플_전체__상품상세&t_number=25
[단독기획] 아누아 TXA 나이아신 흔적 세럼 30ml 2입,,"6,386",없음,리뷰 수집 실패: review_component_or_items_not_loaded,https://www.oliveyoung.co.kr/store/goods/getGoodsDetail.do?goodsNo=A000000226201&dispCatNo=100000100010014&trackingCd=Cat100000100010014_MID&t_page=카테고리관&t_click=에센스/세럼/앰플_전체__상품상세&t_number=26
