date,platform,sort_type,rank,product_name,brand,volume_ml,regular_price,discount,sales_price,rating,review_count,main_ingredients,ingredients,ing_source,url
2026-09-12,oliveyoung,판매순,1,[9월 올영픽] 토리든 다이브인 저분자 히알루론산 세럼 50ml 리필 기획 (+50ml 리필+자석인형) (시나모롤),토리든,50,36000,29%,25600,4.9,"3,694","히알루론산, 알란토인, 판테놀","정제수, 부틸렌글라이콜, 글리세린, 다이프로필렌글라이콜, 1,2-헥산다이올, 판테놀, 소듐하이알루로네이트크로스폴리머, 하이드롤라이즈드하이알루로닉애씨드(1,000ppm), 소듐하이알루로네이트, 소듐아세틸레이티드하이알루로네이트, 하이드롤라이즈드소듐하이알루로네이트, 알란토인, 엑토인, 감초추출물, 2,3-부탄다이올, 트레할로오스, 베타인, 프로판다이올, 쇠비름추출물, 버지니아풍년화잎추출물, 마데카소사이드, 마데카식애씨드, 세라마이드엔피, 베타-글루칸, 말라카이트추출물, 콜레스테롤, 펜틸렌글라이콜, 글리세릴아크릴레이트/아크릴릭애씨드코폴리머, 피브이엠/엠에이코폴리머, 폴리글리세릴-10라우레이트, 잔탄검, 트로메타민, 카보머, 에틸헥실글리세린, 황금추출물, 모란뿌리추출물",html,https://www.oliveyoung.co.kr/store/goods/getGoodsDetail.do?goodsNo=A000000263664&dispCatNo=100000100010014&trackingCd=Cat100000100010014_Small&t_page=카테고리관&t_click=에센스/세럼/앰플_전체__상품상세&t_number=1
2026-09-12,oliveyoung,판매순,2,[9월 올영픽/산리오캐릭터즈 콜라보] 아누아 피디알엔 히알루론산 캡슐 100 세럼 30ml 더블기획(+시나모롤 파우치),아누아,30,57500,53%,27000,4.8,"23,820","히알루론산, PDRN","정제수, 부틸렌글라이콜, 프로판다이올, 글리세린, 하이드롤라이즈드하이알루로닉애씨드(29,049ppm), 1,2-헥산다이올, 나이아신아마이드, 글리세릴올리에이트, 라우릴글루코사이드, 미리스틸글루코사이드, 폴리글리세릴-6라우레이트, 하이드로제네이티드레시틴, 글루타티온, 하이드롤라이즈드콜라겐, 소듐하이알루로네이트(800ppm), 황련뿌리추출물, 아데노신, 소듐디엔에이(100ppm), 하이알루로닉애씨드(30ppm), 하이드롤라이즈드소듐하이알루로네이트(30ppm), 하이드록시프로필트라이모늄하이알루로네이트(30ppm), 포타슘하이알루로네이트(30ppm), 소듐하이알루로네이트크로스폴리머(30ppm), 소듐아세틸레이티드하이알루로네이트(1ppm), 인도멀구슬나무잎추출물, 인도멀구슬나무꽃추출물, 아이비고드열매추출물, 가지열매추출물, 홀리바질잎추출물, 시트릭애씨드, 울금뿌리추출물, 참산호말추출물, 소듐시트레이트, 펜틸렌글라이콜",html,https://www.oliveyoung.co.kr/store/goods/getGoodsDetail.do?goodsNo=A000000262602&dispCatNo=100000100010014&trackingCd=Cat100000100010014_Small&t_page=카테고리관&t_click=에센스/세럼/앰플_전체__상품상세&t_number=2
2026-09-12,oliveyoung,판매순,3,더마팩토리 나이아신아마이드 20% 세럼 30ml,더마팩토리,30,6000,10%,5400,4.8,"18,421","다마스크장미꽃수, 나이아신아마이드, 글리세린","다마스크장미꽃수, 나이아신아마이드, 글리세린, 부틸렌글라이콜, 1,2-헥산다이올, 아크릴레이트/C10-30알킬아크릴레이트크로스폴리머, 에틸헥실글리세린, 트로메타민, 잔탄검, 다이소듐이디티에이",html,https://www.oliveyoung.co.kr/store/goods/getGoodsDetail.do?goodsNo=A000000225217&dispCatNo=100000100010014&trackingCd=Cat100000100010014_Small&t_page=카테고리관&t_click=에센스/세럼/앰플_전체__상품상세&t_number=3
2026-09-12,oliveyoung,판매순,4,[1등모공앰플] 성분에디터 그린토마토 NMN 포어 리프팅 앰플 40ml 더블기획,성분에디터,80,,,36000,4.7,"3,622","그린토마토, 니코틴아마이드모노뉴클레오타이드","토마토수(680,000 ppm), 정제수, 부틸렌글라이콜, 글리세린, 자일리톨, 1,2-헥산다이올, 다이프로필렌글라이콜, 나이아신아마이드, 니코틴아마이드모노뉴클레오타이드(10,000 ppm), 트레할로오스, 잔탄검, 카보머, 페닐트라이메티콘, 트로메타민, 알란토인, C12-13알케스-9, 폴리메틸실세스퀴옥세인, 소듐시트레이트, 에틸헥실글리세린, 잇꽃꽃추출물, 메틸다이하이드로자스모네이트, 다이포타슘글리시리제이트, 아데노신, 다이소듐이디티에이, 치자추출물, 덱스트린, 토마토추출물(200 ppm), 에틸렌브라실레이트, 글루코노락톤, 판테놀, 2-t-부틸사이클로헥실아세테이트, 칡뿌리추출물, 달맞이꽃꽃추출물, 대왕소나무잎추출물, 당느릅나무뿌리추출물, 피브로넥틴, 니코틴아마이드아데닌다이뉴클레오타이드, 소듐하이알루로네이트, 아데노신트라이포스페이트, 하이드로제네이티드레시틴, 하이드롤라이즈드하이알루로닉애씨드, 하이알루로닉애씨드, 소듐하이알루로네이트크로스폴리머, 하이드록시프로필트라이모늄하이알루로네이트, 하이드로제네이티드폴리아이소부텐, 벤질글라이콜, 세라마이드엔피, 토코페롤, 하이드롤라이즈드엘라스틴, 폴리글리세릴-10라우레이트, 데이지꽃추출물, 수용성프로테오글리칸, 유채스테롤, 토마토즙(0.1 ppm), 토마토열매/잎/줄기추출물(0.1 ppm), 페네틸알코올, 하이드롤라이즈드콜라겐, 라즈베리케톤, 피토스테릴/베헤닐/옥틸도데실라우로일글루타메이트, 콜레스테롤, 라이소레시틴, 올레익애씨드, 글라이코사미노글리칸, 소듐클로라이드, 포타슘포스페이트, 포타슘클로라이드, 다이소듐포스페이트, 하이드롤라이즈드식물성단백질, 지모뿌리추출물, 라이코펜, 콜라겐추출물, 리날릴아세테이트, 에틸리날룰, 유칼립톨, 메틸렌다이옥시페닐메틸프로판알, 헥세닐아세테이트, 2,4-다이메틸-3-사이클로헥신카복스알데하이드, 3-헥센올",html,https://www.oliveyoung.co.kr/store/goods/getGoodsDetail.do?goodsNo=A000000235178&dispCatNo=100000100010014&trackingCd=Cat100000100010014_Small&t_page=카테고리관&t_click=에센스/세럼/앰플_전체__상품상세&t_number=4
2026-09-12,oliveyoung,판매순,5,[단독기획/모공탄력] 셀리맥스 더 비타 A 레티날 샷 타이트닝 부스터 15ml 기획(+3ml),셀리맥스,18,30000,30%,20900,4.8,"4,035",레틴알,"정제수, 부틸렌글라이콜, 글리세린, 카프릴릭/카프릭트라이글리세라이드, 세테아릴알코올, 나이아신아마이드, 다이아이소스테아릴말레이트, 1,2-헥산다이올, 폴리프로필실세스퀴옥세인, 판테놀, 세테아릴올리베이트, 세테아릴글루코사이드, 솔비탄올리베이트, 하이드록시에틸아크릴레이트/소듐아크릴로일다이메틸타우레이트코폴리머, 레시틴, 카보머, 알지닌, 다이메티콘/비닐다이메티콘크로스폴리머, 토코페롤, 레틴알(0.1%), 잔탄검, 에틸헥실글리세린, 아데노신, 솔비탄아이소스테아레이트, 소듐락테이트, 하이드롤라이즈드해면, 다이소듐이디티에이, 폴리솔베이트20, 아스코빅애씨드, 글루코오스, 팔미토일트라이펩타이드-1, 팔미토일테트라펩타이드-7",html,https://www.oliveyoung.co.kr/store/goods/getGoodsDetail.do?goodsNo=A000000250199&dispCatNo=100000100010014&trackingCd=Cat100000100010014_Small&t_page=카테고리관&t_click=에센스/세럼/앰플_전체__상품상세&t_number=5
2026-09-12,oliveyoung,판매순,6,[속건조필수템] 웰라쥬 리얼 히알루로닉 블루 100 앰플 100ml 기획 (+60ml 리필+수딩크림 30ml),웰라쥬,190,50000,38%,30900,4.8,"22,566",,"앰플: 정제수, 프로판다이올, 펜틸렌글라이콜, 글리세린, 1,2-헥산다이올, 판테놀, 메틸프로판다이올, 소듐아크릴릭애씨드/엠에이코폴리머, 부틸렌글라이콜, 참마뿌리추출물, 잔탄검, 소듐시트레이트, 에틸헥실글리세린, 소듐하이알루로네이트(1,000ppm), 글라이코실트레할로오스, 하이드로제네이티드스타치하이드롤리세이트, 시트릭애씨드, 라피노오스, 아데노신, 레시틴, 트라이소듐에틸렌다이아민다이석시네이트, 카프릴릴글라이콜, 사카라이드아이소머레이트, 폴리쿼터늄-51, 말라카이트추출물, 알지닌, 소듐디엔에이, 갈랑가갈랑갈추출물, 바이오사카라이드검-1, 사이아노코발아민, 토코페롤, 카프릴릭/카프릭트라이글리세라이드, 하이드로제네이티드레시틴, 하이드롤라이즈드하이알루로닉애씨드(0.100052ppm), 하이드롤라이즈드소듐하이알루로네이트(0.1ppm), 수크로오스라우레이트, 소듐스테아로일글루타메이트, 암모늄아크릴로일다이메틸타우레이트/브이피코폴리머, 글라이신, 세린, 히스티딘, 돌콩추출물, 라이소레시틴, 플로레틴, 테트라하이드로피페린, 다이메틸아이소소바이드, 소듐하이알루로네이트크로스폴리머(2.08ppb), 벤질글라이콜, 하이드롤라이즈드글라이코사미노글리칸, 올레일알코올, 베타-글루칸, 하이드록시프로필트라이모늄하이알루로네이트(0.012ppb), 하이알루로닉애씨드(0.001ppb), 소듐아세틸레이티드하이알루로네이트(0.0002ppb) 수딩 크림: 아데노신, 토코페롤, 시트릭애씨드, 하이드롤라이즈드하이알루로닉애씨드(1ppm), 소듐하이알루로네이트크로스폴리머(0.1981ppm), 소듐하이알루로네이트(0.52ppb), 하이드록시프로필트라이모늄하이알루로네이트(0.012ppb), 하이알루로닉애씨드(0.001ppb), 소듐아세틸레이티드하이알루로네이트(0.0002ppb)",html,https://www.oliveyoung.co.kr/store/goods/getGoodsDetail.do?goodsNo=A000000261423&dispCatNo=100000100010014&trackingCd=Cat100000100010014_Small&t_page=카테고리관&t_click=에센스/세럼/앰플_전체__상품상세&t_number=6
2026-09-12,oliveyoung,판매순,7,[24시간파우더] 넘버즈인 1번 판토텐산 스킨케어100 블러파우더 기획 (+퍼프 1개),넘버즈인,,22000,37%,13900,4.8,"20,700",판토텐산,"실리카, 다이메티콘, 옥수수전분, 알루미늄전분옥테닐석시네이트, 비닐다이메티콘/메티콘실세스퀴옥세인크로스폴리머, 마이카, 다이메티콘/비닐다이메티콘크로스폴리머, 카프릴릭/카프릭트라이글리세라이드, 옥틸도데실스테아로일스테아레이트, 칼라민, 마카다미아씨오일, 병풀추출물, 판토테닉애씨드, 징크피씨에이, 카프릴릴글라이콜, 나이아신아마이드, 에틸헥실글리세린, 다이포타슘글리시리제이트, 마데카소사이드, 토코페롤",html,https://www.oliveyoung.co.kr/store/goods/getGoodsDetail.do?goodsNo=A000000231822&dispCatNo=100000100010014&trackingCd=Cat100000100010014_Small&t_page=카테고리관&t_click=에센스/세럼/앰플_전체__상품상세&t_number=7
2026-09-12,oliveyoung,판매순,8,[9월 올영픽] 파티온 노스카나인 트러블 세럼 50ml 리필 기획 (+리필40ml+크림10ml),파티온,100,54000,40%,32150,4.9,"80,232",노스카나인,"[트러블 세럼] 정제수, 글리세린, 다이프로필렌글라이콜, 판테놀, 1,2-헥산다이올, 펜틸렌글라이콜, 소듐하이알루로네이트, 다이에톡시에틸석시네이트, 하이드록시에틸우레아, 아크릴레이트/C10-30알킬아크릴레이트크로스폴리머, 암모늄아크릴로일다이메틸타우레이트/브이피코폴리머, 트로메타민, 알란토인, 하이드록시아세토페논, 에틸헥실글리세린, 폴리글리세릴-10라우레이트, 석시닉애씨드, 잔탄검, 소듐헤파린, 쑥잎추출물, 병풀추출물, 사과추출물, 토코페롤, 카프릴릴/카프릴글루코사이드, 하이드로제네이티드레시틴, 세라마이드엔피 [트러블 크림] 정제수, 글리세린, 메도우폼씨오일, 카프릴릭/카프릭트라이글리세라이드, 비닐다이메티콘, 다이글리세린, 폴리글리세릴-3다이스테아레이트, 세테아릴알코올, 1,2-헥산다이올, 펜틸렌글라이콜, 클로렐라 불가리스추출물, 소듐헤파린, 쑥잎추출물, 병풀추출물, 펜타에리스리틸테트라에틸헥사노에이트, 하이드로제네이티드쌀겨오일, 하이드로제네이티드레시틴, 세테아릴올리베이트, 소듐스테아로일글루타메이트, 하이드록시에틸아크릴레이트/소듐아크릴로일다이메틸타우레이트코폴리머, 폴리글리세릴-2스테아레이트, 암모늄아크릴로일다이메틸타우레이트/브이피코폴리머, 아이소도데케인, 하이드록시아세토페논, 아크릴레이트/C10-30알킬아크릴레이트크로스폴리머, 글루코오스, 솔비탄올리베이트, 글리세릴스테아레이트, 판테놀, 글리세릴스테아레이트시트레이트, 부틸렌글라이콜, 프룩토올리고사카라이드, 프룩토오스, 스테아릭애씨드, 석시닉애씨드, 다이메티콘/비닐다이메티콘크로스폴리머, 비닐다이메티콘/메티콘실세스퀴옥세인크로스폴리머, 소듐파이테이트, 솔비탄아이소스테아레이트, 폴리글리세릴-10스테아레이트, 다이프로필렌글라이콜, 세라마이드엔피, 알란토인, 베타-글루칸, 폴리글리세릴-10라우레이트, 세라마이드엔에스, 콜레스테롤, 에틸헥실글리세린, 피토스핑고신, 세라마이드에이피, 세라마이드에이에스, 스쿠알란, 세라마이드이오피, 카프릴릴/카프릴글루코사이드, 스테아릴알코올, 잔탄검",html,https://www.oliveyoung.co.kr/store/goods/getGoodsDetail.do?goodsNo=A000000219609&dispCatNo=100000100010014&trackingCd=Cat100000100010014_Small&t_page=카테고리관&t_click=에센스/세럼/앰플_전체__상품상세&t_number=8
2026-09-12,oliveyoung,판매순,9,[트러블진정세럼] 넘버즈인 1번 판토텐산 액티브업 수딩세럼 50ml 리필기획 (50ml+50ml),넘버즈인,100,38000,37%,24000,4.8,"18,355","판토텐산, 판테놀, 히알루론산","정제수,부틸렌글라이콜,나이아신아마이드,글리세린,다이프로필렌글라이콜,1,2-헥산다이올,판테놀,도둑놈의지팡이뿌리추출물,아크릴레이트/C10-30알킬아크릴레이트크로스폴리머,프로판다이올,다이에톡시에틸석시네이트,트로메타민,하이드로제네이티드레시틴,암모늄아크릴로일다이메틸타우레이트/브이피코폴리머,베타인,판토테닉애씨드,트레할로오스,에틸헥실글리세린,글리세릴올리에이트,소듐파이테이트,알란토인,알파-알부틴,약모밀추출물,라우릴글루코사이드,미리스틸글루코사이드,폴리글리세릴-6라우레이트,징크피씨에이,인도멀구슬나무잎추출물,토코페롤,감초뿌리추출물,인도멀구슬나무꽃추출물,아이비고드열매추출물,병풀추출물,소듐하이알루로네이트,시트릭애씨드,가지열매추출물,베타-글루칸,홀리바질잎추출물,하이알루로닉애씨드,데실글루코사이드,울금뿌리추출물,참산호말추출물,다이포타슘글리시리제이트,하이드롤라이즈드하이알루로닉애씨드,호호바씨오일,녹차추출물,병풀잎추출물,오카무라큰실말추출물,흰버드나무껍질추출물,소듐아세틸레이티드하이알루로네이트,커피콩추출물,베타-시토스테롤,폴리글리세릴-10스테아레이트,베르가모트잎추출물,소나무잎추출물",html,https://www.oliveyoung.co.kr/store/goods/getGoodsDetail.do?goodsNo=A000000207225&dispCatNo=100000100010014&trackingCd=Cat100000100010014_Small&t_page=카테고리관&t_click=에센스/세럼/앰플_전체__상품상세&t_number=9
2026-09-12,oliveyoung,판매순,10,[산리오캐릭터즈 에디션] 메디힐 마데카소사이드 더마 세럼 50+50mL(+폼폼푸린 스마트톡),메디힐,100,43000,43%,24500,4.9,"4,792",마데카소사이드,"정제수, 글리세린, 부틸렌글라이콜, 프로판다이올, 나이아신아마이드, 아이소펜틸다이올, 1,2-헥산다이올, 글리세릴폴리메타크릴레이트, 판테놀, 베타인, 폴리글리세릴-10라우레이트, 아크릴레이트/C10-30알킬아크릴레이트크로스폴리머, 다이페닐다이메티콘, 트로메타민, 마데카소사이드(1,080 ppm), 트라이에틸헥사노인, 잔탄검, 에틸헥실글리세린, 하이드로제네이티드레시틴, 소듐하이알루로네이트, 병풀추출물, 서양배추출물, 연필향나무오일, 병풀잎추출물, 베타-글루칸, 다마스크장미꽃수, 멜론추출물, 오리스뿌리추출물, 서양송악잎/줄기추출물, 호호바씨오일, 광곽향오일, 불가리스쑥오일, 로즈마리잎오일, 토코페롤, 다이프로필렌글라이콜, 펜틸렌글라이콜, 소듐하이알루로네이트크로스폴리머, 카프릴릴/카프릴글루코사이드, 마데카식애씨드(0.04 ppb), 아시아티코사이드, 아시아틱애씨드, 세라마이드엔피",html,https://www.oliveyoung.co.kr/store/goods/getGoodsDetail.do?goodsNo=A000000262436&dispCatNo=100000100010014&trackingCd=Cat100000100010014_Small&t_page=카테고리관&t_click=에센스/세럼/앰플_전체__상품상세&t_number=10
2026-09-12,oliveyoung,판매순,11,[단독기획] 아누아 TXA 나이아신 흔적 세럼 30ml 2입,아누아,60,64000,57%,27500,4.8,"6,340","트라넥사믹애씨드, 나이아신아마이드","정제수, 글리세린, 나이아신아마이드(10%), 트라넥사믹애씨드(4%), 부틸렌글라이콜, 다이에톡시에틸석시네이트, 1,2-헥산다이올, 알부틴, 펜틸렌글라이콜, 소듐하이알루로네이트, 잔탄검, 베타인살리실레이트, 알파-알부틴, 수크로오스팔미테이트, 아이비고드열매추출물, 한련초추출물, 하이드로제네이티드레시틴, 젤란검, 퀸즈랜드넛오일, 올리브오일, 호호바씨오일, 포도씨오일, 소듐파이테이트, 셀룰로오스, 카프릴릭/카프릭트라이글리세라이드, 판테놀, 사이아노코발아민, 폴리글루타믹애씨드, 3-O-에틸아스코빅애씨드, 세라마이드엔피, 덱스트린, 카카오추출물, 하이드롤라이즈드하이알루로닉애씨드, 편백잎추출물, 복사나무꽃추출물, 녹차씨오일, 아시아티코사이드, 마데카식애씨드, 아시아틱애씨드, 효모발효추출물, 병풀추출물, 쑥잎추출물, 칸디다 봄비콜라/글루코오스/메틸레이프씨데이트발효물, 다이메틸실란올하이알루로네이트, 하이드롤라이즈드소듐하이알루로네이트, 하이알루로닉애씨드, 포타슘하이알루로네이트, 하이드록시프로필트라이모늄하이알루로네이트, 소듐하이알루로네이트크로스폴리머, 소듐하이알루로네이트다이메틸실란올, 소듐아세틸레이티드하이알루로네이트",html,https://www.oliveyoung.co.kr/store/goods/getGoodsDetail.do?goodsNo=A000000226201&dispCatNo=100000100010014&trackingCd=Cat100000100010014_Small&t_page=카테고리관&t_click=에센스/세럼/앰플_전체__상품상세&t_number=11
2026-09-12,oliveyoung,판매순,12,[산리오 특가/리뷰이벤트/헬로키티] 에스네이처 아쿠아 스쿠알란 세럼 50ml 리필기획(+리필50ml+헬로키티 파우치),에스네이처,100,35000,40%,20900,4.8,"16,448","스쿠알란, 히알루론산, 판테놀","정제수, 글리세린, 부틸렌글라이콜, 메틸프로판다이올, 1,2-헥산다이올, 베타인, 다시마추출물, 한련초잎추출물, 버지니아풍년화추출물, 소듐하이알루로네이트, 하이드로제네이티드레시틴, 판테놀, 알란토인, 프룩토올리고사카라이드, 베타-글루칸, 하이드롤라이즈드하이알루로닉애씨드, 스쿠알란, 하이드록시프로필트라이모늄하이알루로네이트, 소듐아세틸레이티드하이알루로네이트, 하이드롤라이즈드소듐하이알루로네이트, 하이알루로닉애씨드, 소듐하이알루로네이트크로스폴리머, 포타슘하이알루로네이트, 다이프로필렌글라이콜, 토코페롤, 에틸헥실글리세린, 카보머, 트로메타민, 잔탄검, 다이소듐이디티에이",html,https://www.oliveyoung.co.kr/store/goods/getGoodsDetail.do?goodsNo=A000000264146&dispCatNo=100000100010014&trackingCd=Cat100000100010014_Small&t_page=카테고리관&t_click=에센스/세럼/앰플_전체__상품상세&t_number=12
2026-09-12,oliveyoung,판매순,13,[트러블모공] 디오디너리 나이아신아마이드 10% + 징크 1% 60ml,디오디너리,60,,,15700,4.7,"13,854","나이아신아마이드, 징크","정제수, 나이아신아마이드(10%), 펜틸렌글라이콜, 징크피씨에이(징크로서,1%), 다이메틸아이소소바이드, 타마린드씨검, 잔탄검, 아이소세테스-20, 에톡시다이글라이콜, 페녹시에탄올, 클로페네신",html,https://www.oliveyoung.co.kr/store/goods/getGoodsDetail.do?goodsNo=A000000158615&dispCatNo=100000100010014&trackingCd=Cat100000100010014_Small&t_page=카테고리관&t_click=에센스/세럼/앰플_전체__상품상세&t_number=13
2026-09-12,oliveyoung,판매순,14,[9월 올영픽/산리오 콜라보] 구달 청귤 비타C 잡티케어 세럼 알파 50+50ml 리필 기획(+폼폼푸린 마그넷 피규어),구달,100,43000,35%,27900,4.9,"4,858","탄제린추출물,아스코빌글루코사이드,나이아신아마이드","정제수,탄제린추출물,부틸렌글라이콜,나이아신아마이드,다이프로필렌글라이콜,메틸글루세스-20,1,2-헥산다이올,글리세레스-26,암모늄아크릴로일다이메틸타우레이트/브이피코폴리머,판테놀,아이리쉬모스추출물,글리세린,콜레스-24,사탕수수추출물,카보머,트로메타민,폴리글리세릴-10라우레이트,에틸헥실글리세린,소듐하이알루로네이트,알란토인,아데노신,토코페릴아세테이트,하이드로제네이티드레시틴,하이드롤라이즈드호호바에스터,소듐파이테이트,잔탄검,인도멀구슬나무꽃추출물,홀리바질잎추출물,베르가모트오일,인도멀구슬나무잎추출물,아스코빌글루코사이드,다이포타슘글리시리제이트,울금뿌리추출물,참산호말추출물,라벤더오일,아스코빅애씨드,레몬껍질오일,오렌지껍질오일,유칼립투스잎추출물,일랑일랑꽃오일,3-O-에틸아스코빅애씨드,소듐아스코빌포스페이트,감초뿌리추출물,마데카소사이드,녹차추출물,말토덱스트린,스키산드라 스페난테라열매추출물,캐모마일꽃추출물,토코페롤,로즈마리잎추출물,아시아티코사이드,호장근뿌리추출물,병풀잎추출물,하이드록시프로필사이클로덱스트린,병풀추출물,흰목이버섯추출물,글루타티온,포타슘하이드록사이드,티옥틱애씨드,다이소듐이디티에이,유비퀴논,리모넨,리날룰",html,https://www.oliveyoung.co.kr/store/goods/getGoodsDetail.do?goodsNo=A000000263562&dispCatNo=100000100010014&trackingCd=Cat100000100010014_Small&t_page=카테고리관&t_click=에센스/세럼/앰플_전체__상품상세&t_number=14
2026-09-12,oliveyoung,판매순,15,[세은 PICK/트러블1등] 셀라딕스 트러블 세범 리밸런싱 131 앰플 30ml,셀라딕스,30,,,28900,4.7,"5,880","나이아신아마이드,세라마이드,스쿠알란","정제수,다이프로필렌글라이콜,부틸렌글라이콜,글리세레스-26,나이아신아마이드,글리세린,베타인,피토스테롤,세라마이드엔피,스쿠알란,라우릭애씨드,아라키딕애씨드,베헤닉애씨드,베타-글루칸,참오동나무잎추출물,육계나무껍질추출물,생달나무잎추출물,녹나무잎추출물,월계수잎추출물,고수추출물,유칼립투스잎추출물,황금추출물,후박나무가지추출물,1,2-헥산다이올,폴리글리세릴-10라우레이트,폴리글리세릴-10미리스테이트,하이드록시아세토페논,판테놀,아데노신,다이소듐이디티에이,소듐하이알루로네이트,잔탄검,소듐폴리아크릴레이트,에틸헥실글리세린,베르가모트오일,라반딘오일,오렌지껍질오일,라벤더오일,발삼아미리스껍질오일,바질오일,리모넨,리날룰",html,https://www.oliveyoung.co.kr/store/goods/getGoodsDetail.do?goodsNo=A000000224494&dispCatNo=100000100010014&trackingCd=Cat100000100010014_Small&t_page=카테고리관&t_click=에센스/세럼/앰플_전체__상품상세&t_number=15
2026-09-12,oliveyoung,판매순,16,[1등미백앰플] 메디큐브 PDRN 핑크 펩타이드 앰플 30ml 한정기획 (+리필팩 50ml+앰플 10ml),메디큐브,90,46000,47%,24600,4.8,"15,728","소듐디엔에이, 나이아신아마이드, 아데노신","정제수,글리세린,다이프로필렌글라이콜,아이소프로필미리스테이트,글리세레스-26,나이아신아마이드,1,2-헥산다이올,소듐디엔에이,부틸렌글라이콜,폴리글리세린-3,소듐아크릴레이트/소듐아크릴로일다이메틸타우레이트코폴리머,폴리아이소부텐,아크릴레이트/C10-30알킬아크릴레이트크로스폴리머,이리추출물,트로메타민,글리세릴아크릴레이트/아크릴릭애씨드코폴리머,피브이엠/엠에이코폴리머,에틸헥실글리세린,카프릴릴글라이콜,향료,인도멀구슬나무잎추출물,아데노신,카프릴릴/카프릴글루코사이드,솔비탄올리에이트,인도멀구슬나무꽃추출물,소듐하이알루로네이트,다이소듐이디티에이,울금뿌리추출물,사이아노코발아민,하이드롤라이즈드콜라겐,유비퀴논,홀리바질잎추출물,참산호말추출물,팔미토일펜타펩타이드-4,팔미토일트라이펩타이드-1,팔미토일테트라펩타이드-7,카퍼트라이펩타이드-1,아세틸헥사펩타이드-8,연어알추출물,아텔로콜라겐",html,https://www.oliveyoung.co.kr/store/goods/getGoodsDetail.do?goodsNo=A000000264301&dispCatNo=100000100010014&trackingCd=Cat100000100010014_Small&t_page=카테고리관&t_click=에센스/세럼/앰플_전체__상품상세&t_number=16
2026-09-12,oliveyoung,판매순,17,[올영단독/속보습케어] 스킨앤랩 베리어덤 링거 앰플70ml(+70ml) 더블기획,스킨앤랩,140,40000,30%,28000,5,"13,787","판테놀,락토바실러스발효용해물,소듐하이알루로네이트","정제수, 프로판다이올, 글리세린, 1,2-헥산다이올, 클로렐라 불가리스추출물, 소듐하이알루로네이트, 락토바실러스발효용해물, 판테놀, 글라이코실트레할로오스, 글루코오스, 부틸렌글라이콜, 하이드로제네이티드스타치하이드롤리세이트, 프룩토올리고사카라이드, 프룩토오스, 폴리쿼터늄-51, 글리세릴글루코사이드, 사카라이드아이소머레이트, 에틸헥실글리세린, 아크릴레이트/C10-30알킬아크릴레이트크로스폴리머, 알란토인, 하이드록시프로필트라이모늄하이알루로네이트, 트로메타민, 덱스트린, 소듐파이테이트, 소듐클로라이드, 베타-글루칸, 글리세릴아크릴레이트/아크릴릭애씨드코폴리머, 사이아노코발아민, 시트릭애씨드, 소듐시트레이트, 소듐바이카보네이트, 칼슘클로라이드, 포타슘클로라이드, 토코페롤, 잔탄검, 치자추출물",html,https://www.oliveyoung.co.kr/store/goods/getGoodsDetail.do?goodsNo=A000000213267&dispCatNo=100000100010014&trackingCd=Cat100000100010014_Small&t_page=카테고리관&t_click=에센스/세럼/앰플_전체__상품상세&t_number=17
2026-09-12,oliveyoung,판매순,18,[30ml+30ml / 강력토닝케어] 아렌시아 비타민 C 부스터 샷 30ml 더블기획,아렌시아,60,46500,37%,29500,4.8,"1,362","비스코빅애씨드, 나이아신아마이드","정제수, 글리세린, 메틸프로판다이올, 3-O-에틸아스코빅애씨드(50,000ppm), 부틸렌글라이콜, 카프릴릭/카프릭트라이글리세라이드, 1,2-헥산다이올, 나이아신아마이드, 세틸에틸헥사노에이트, 세테아릴 올리베이트, 폴리글리세릴-3메틸글루코오스다이스테아레이트, 다이아이소스테아릴말레이트, 소듐폴리아크릴레이트, 아크릴레이트/C10-30알킬아크릴레이트크로스폴리머, 솔비탄올리베이트, 알지닌, 치자추출물, 잔탄검, 에틸헥실글리세린, 덱스트린, 아데노신, 알란토인, 아스코빅애씨드(10ppm), 글루타티온, 판테놀, 피리독신, 토코페롤, 아스코빌글루코사이드, 소듐아스코빌포스페이트",html,https://www.oliveyoung.co.kr/store/goods/getGoodsDetail.do?goodsNo=A000000254661&dispCatNo=100000100010014&trackingCd=Cat100000100010014_Small&t_page=카테고리관&t_click=에센스/세럼/앰플_전체__상품상세&t_number=18
2026-09-12,oliveyoung,판매순,19,[3일진정세럼]브링그린 징크테카 트러블 세럼 대용량 기획,브링그린,225,56100,47%,29800,4.7,"24,372","티트리잎오일, 징크피씨에이","정제수, 에톡시다이글라이콜, 메틸프로판다이올, 메틸글루세스-20, 1,2-헥산다이올, 나이아신아마이드, 병풀추출물, 티트리추출물, 티트리잎추출물, 티트리꽃/잎/줄기추출물, 몰로키아잎추출물**, 신선초추출물**, 연꽃뿌리추출물**, 오크라열매추출물**, 참마뿌리추출물**, 하이드로제네이티드레시틴, 티트리잎수, 티트리잎오일, 옥틸도데칸올, 옥틸도데세스-16, 아시아티코사이드*(4,800ppm), 마데카식애씨드*(3,600ppm), 글라이코리피드, 아시아틱애씨드*(3,600ppm), C12-13알케스-9, 카보머, 트로메타민, 피브이피, 소듐폴리아크릴레이트, 다이소듐이디티에이, 4-터피네올, 징크피씨에이(1ppm), 에틸헥실글리세린",html,https://www.oliveyoung.co.kr/store/goods/getGoodsDetail.do?goodsNo=A000000200646&dispCatNo=100000100010014&trackingCd=Cat100000100010014_Small&t_page=카테고리관&t_click=에센스/세럼/앰플_전체__상품상세&t_number=19
2026-09-12,oliveyoung,판매순,20,[1등모공결세럼] 넘버즈인 3번 보들보들 모공결 세럼 30ml 더블 기획,넘버즈인,60,42000,36%,26900,4.8,"7,825","바쿠치올, 나이아신아마이드, 코직애씨드","비피다발효용해물, 갈락토미세스발효여과물, 부틸렌글라이콜, 메틸글루세스-20, 정제수, 나이아신아마이드, 피이지-90, 1,2-헥산다이올, 글리세린, 스쿠알란, 알테로모나스발효추출물, 실크추출물, 염소유추출물, 락토바실러스발효용해물, 바쿠치올, 하이드로제네이티드레시틴, 소듐하이알루로네이트, 판테놀, 아데노신, 글리세레스-26, 잔탄검, 다이포타슘글리시리제이트, 코직애씨드, 폴리글리세릴-3다이스테아레이트, 글리세릴스테아레이트에스이, 글리세릴스테아레이트시트레이트, 폴리글리세릴-3메틸글루코오스다이스테아레이트, 카보머, 트로메타민, 알란토인, 에틸헥실글리세린, 카프릴릴글라이콜, 트로폴론, 다이소듐이디티에이",html,https://www.oliveyoung.co.kr/store/goods/getGoodsDetail.do?goodsNo=A000000250773&dispCatNo=100000100010014&trackingCd=Cat100000100010014_Small&t_page=카테고리관&t_click=에센스/세럼/앰플_전체__상품상세&t_number=20
2026-09-12,oliveyoung,판매순,21,에스트라 아토베리어365 하이드로에센스 200ml (+크림 10ml+앰플 10ml),에스트라,200,32000,22%,24900,4.9,"14,571","스쿠알란, 나토검","정제수, 부틸렌글라이콜, 글리세린, 스쿠알란, 1,2-헥산다이올, 아크릴레이트/C10-30알킬아크릴레이트크로스폴리머, 카보머, 트로메타민, 글리세릴카프릴레이트, 에틸헥실글리세린, 다이소듐이디티에이, 낫토검, 스테아릭애씨드, 하이드록시프로필비스팔미타마이드엠이에이, 만니톨, 피씨에이, 락틱애씨드, 글루코오스, 글라이신, 우레아, 소듐글리세로포스페이트, 세린, 글루타믹애씨드, 토코페롤, 아크릴레이트/암모늄메타크릴레이트코폴리머, 포타슘마그네슘아스파테이트, 아스파틱애씨드, 류신, 소듐클로라이드, 알라닌, 라이신, 알지닌, 칼슘글루코네이트, 마그네슘글루코네이트, 타이로신, 페닐알라닌, 프롤린, 트레오닌, 발린, 아이소류신, 시트릭애씨드, 콜레스테롤, 히스티딘, 실리카, 아세틸글루코사민, 크레아틴, 우릭애씨드, 시스테인, 메티오닌",html,https://www.oliveyoung.co.kr/store/goods/getGoodsDetail.do?goodsNo=A000000222837&dispCatNo=100000100010014&trackingCd=Cat100000100010014_Small&t_page=카테고리관&t_click=에센스/세럼/앰플_전체__상품상세&t_number=21
2026-09-12,oliveyoung,판매순,22,[9월올영픽/설윤PICK] 바이오더마 하이드라비오 에센스 로션 200ml 기획 (+펌프용기+파우치) (2609),바이오더마,200,38000,26%,28100,4.8,"17,259","하이드라비오, 비오덤","정제수,메틸프로판다이올,나이아신아마이드,피피지-26-부테스-26,피이지-40하이드로제네이티드캐스터오일,소듐피씨에이,다이소듐이디티에이,살리실릭애씨드,하이드록시에틸셀롤로오스,만니톨,소듐시트레이트,토코페릴아세테이트,자이리톨,헥실데칸올,세틸리도늄브로마이드,향료,벤조트라이아졸릴도데실-p-크레졸,람노오스,소듐하이드록사이드,사과씨추출물,유채스테롤,토코페롤 10",html,https://www.oliveyoung.co.kr/store/goods/getGoodsDetail.do?goodsNo=A000000263073&dispCatNo=100000100010014&trackingCd=Cat100000100010014_Small&t_page=카테고리관&t_click=에센스/세럼/앰플_전체__상품상세&t_number=22
2026-09-12,oliveyoung,판매순,23,[1+1] 이니스프리 레티놀 시카 모공 흔적 앰플 30ml 리필기획(+30ml 리필),이니스프리,60,48000,42%,27900,4.9,"4,106","레티놀, 레틴알, 하이드록시피나콜론레티노에이트","정제수, 글리세린, 부틸렌글라이콜, 나이아신아마이드, 병풀잎수(17712ppm), 다이부틸아디페이트, 1,2-헥산다이올, 카프릴릭/카프릭트라이글리세라이드, 하이드로제네이티드레시틴, 암모늄아크릴로일다이메틸타우레이트/브이피코폴리머, 콜레스테롤, 돌콩오일, 알란토인, 토코페롤, 에틸헥실글리세린, 토코페릴아세테이트, 소듐메틸스테아로일타우레이트, 해바라기씨오일, 폴리글리세릴-6카프릴레이트, 다이메틸아이소소바이드, 아데노신, 레티놀(1,000IU/g), 당근추출물, 잔탄검, 폴리글리세릴-10라우레이트, 하이드록시피나콜론레티노에이트, 레틴알, 풀루란, 세라마이드엔피, 하이알루로닉애씨드,베타-카로틴, 트로메타민, 병풀추출물(1ppm), 글라이코프로테인, 제인, 펙틴*3X RETINOL COMPLEX 1% : 레티놀 1,000IU/g, 레틴알 0.005%, 하이드록시피나콜론레티노에이트 0.005%",html,https://www.oliveyoung.co.kr/store/goods/getGoodsDetail.do?goodsNo=A000000258877&dispCatNo=100000100010014&trackingCd=Cat100000100010014_Small&t_page=카테고리관&t_click=에센스/세럼/앰플_전체__상품상세&t_number=23
2026-09-12,oliveyoung,판매순,24,[9월 올영픽/산리오] 아비브 어성초 테카 캡슐 세럼 카밍 드롭 50ml 더블 기획(+스팟패치+케이스),아비브,100,48000,42%,27900,4.7,"16,379","약모밀추출물, 마데카소사이드, 아시아티코사이드","정제수, 1,2-헥산다이올, 나이아신아마이드, 프로판다이올, 다이프로필렌글라이콜, 부틸렌글라이콜, 글리세린, 베타인, 다이에톡시에틸석시네이트, 약모밀추출물(8,015 ppm), 카프릴릭/카프릭트라이글리세라이드, 아이소노닐아이소노나노에이트, 아이리쉬모스추출물, 판테놀, 글루코오스, 클로렐라 불가리스추출물, 사탕수수추출물, 암모늄아크릴로일다이메틸타우레이트/브이피코폴리머, 카보머, 프룩토오스, 프룩토올리고사카라이드, 트로메타민, 펜틸렌글라이콜, 에틸헥실글리세린, 잔탄검, 캐스터오일/아이피디아이코폴리머, 마데카소사이드, 석시닉애씨드, 알란토인, 소듐파이테이트, 인도멀구슬나무잎추출물, 바이오사카라이드검-1, 인도멀구슬나무꽃추출물, 아이비고드열매추출물, 알지닌, 베타-글루칸, 호박가루, 가지열매추출물, 울금뿌리추출물, 홀리바질잎추출물, 아모다이메티콘, 참산호말추출물, 드럼스틱씨오일, 토코페롤, 엑토인, 아시아티코사이드(0.082 ppm), 마데카식애씨드(0.068 ppm), 아시아틱애씨드(0.05 ppm), 사과추출물, 4-터피네올, 솔비톨",html,https://www.oliveyoung.co.kr/store/goods/getGoodsDetail.do?goodsNo=A000000263036&dispCatNo=100000100010014&trackingCd=Cat100000100010014_Small&t_page=카테고리관&t_click=에센스/세럼/앰플_전체__상품상세&t_number=24
